Book Id,Title,Author,Author l-f,Additional Authors,ISBN,ISBN13,My Rating,Publisher,Binding,Number of Pages,Year Published,Original Publication Year,Date Read,Date Added,Bookshelves,Bookshelves with positions,Exclusive Shelf,My Review,Spoiler,Private Notes,Read Count,Owned Copies
12505,The Idiot,Fyodor Dostoevsky,"Dostoevsky, Fyodor","Anna Brailovsky, Joseph Frank, Constance Garnett","=""0679642420""","=""9780679642428""",0,Modern Library,Paperback,667,2003,1869,,2026/07/09,to-read,to-read (#64),to-read,,,,0,0
75665931,The Maniac,Benjamín Labatut,"Labatut, Benjamín",,"=""0593654471""","=""9780593654477""",0,Penguin Press,Hardcover,368,2023,2023,,2026/07/04,to-read,to-read (#63),to-read,,,,0,0
375013,Schindler’s List,Thomas Keneally,"Keneally, Thomas",,"=""0340606517""","=""9780340606513""",0,Sceptre,Mass Market Paperback,429,1994,1982,,2026/07/02,to-read,to-read (#62),to-read,,,,0,0
13507212,"Bring Up the Bodies (Thomas Cromwell, #2)",Hilary Mantel,"Mantel, Hilary",,"=""""","=""""",5.0,"Henry Holt & Company, Inc.",Hardcover,412,2012,2012,2026/07/02,2022/09/23,,,read,,,,1,0
12158480,"Why Nations Fail: The Origins of Power, Prosperity, and Poverty",Daron Acemoğlu,"Acemoğlu, Daron",James A. Robinson,"=""0307719219""","=""9780307719218""",0,Crown Currency,Hardcover,529,2012,2012,,2024/11/25,did-not-finish,did-not-finish (#1),did-not-finish,,,,1,0
223856261,Conjuring the Void: The Art of Black Holes,Lynn Gamwell,"Gamwell, Lynn",Neil deGrasse Tyson,"=""0262049961""","=""9780262049962""",0,The MIT Press,Hardcover,208,2025,,,2026/06/24,to-read,to-read (#61),to-read,,,,0,0
248276109,The Social Contract,Jean-Jacques Rousseau,"Rousseau, Jean-Jacques","Maurice Cranston, Chuck Allen","=""""","=""""",0,Booktime Publishing,Audible Audio,,2026,1762,,2026/06/20,to-read,to-read (#60),to-read,,,,0,0
60321392,The Song of the Cell: An Exploration of Medicine and the New Human,Siddhartha Mukherjee,"Mukherjee, Siddhartha",,"=""1982117354""","=""9781982117351""",4.0,Scribner,Hardcover,473,2022,2022,2026/06/15,2026/05/31,,,read,"_The Song of the Cell_<br/><br/>Another dive into the discoveries of and in cell biology by Siddhartha Mukherjee.  Perhaps a gentler read than his introduction to cancer biology.<br/><br/>Just as atoms are the basic units of matter, the cell is the unit of all living things. Every process of life, normal and malignant, can be understood through the behaviour of cells. We have encountered this idea in school, but rarely did we pause to appreciate the enigma of it. How a cell forms tissue, tissue forms organs, and organs form a system so precise in its roles, rules, and responses that every act of being alive is, on reflection, nothing short of wonder.<br/><br/>Mukherjee begins with Leeuwenhoek’s first observation of cells, then moves through the competing theories of how cells were thought to function, grounding each leap in the experimental evidence and the details of the setups that made the next understanding possible.<br/><br/>From there, the book traces cell modification and gene therapy all the way to IVF,  the birth of the first test-tube baby, the decades of research behind it, and the scientific, political, and religious undercurrents that surrounded the invention. Then further still, to gene-editing technologies and He Jiankui, the Chinese researcher who in 2018 announced the birth of the first gene-edited babies. I remember reading about his subsequent arrest in the papers. That episode illuminated just how much ethical, moral, and scientific transparency matters and how its absence made the development of global protocols not just necessary, but urgent.<br/><br/>We also learn about the discovery of insulin, a Nobel-winning breakthrough, awarded to Frederick Banting and John Macleod in 1923. Banting, feeling his research assistant Charles Best deserved equal credit, shared his prize money with him. <br/>Moving to Shinya Yamanaka’s landmark discovery, that earned him the Nobel Prize in Physiology or Medicine in 2012. The reversal of any cell back to its stem cell state, a kind of biological time warp. A divided, specialised cell walked backwards, reprogrammed into virtually any cell of choice. It is a finding that upended one of transplantation’s oldest and most brutal problems: histoincompatibility. The immune system is exquisitely tuned to recognise self from non-self, and for decades that precision worked against us donor organs attacked and destroyed by the very body they were meant to save. The ability to reprogramme a patient’s own cells sidesteps that rejection entirely, and remains quietly extraordinary.<br/><br/>The book closes on cancer, and on why it is no longer enough to study cells in isolation. Context matters: what surrounds a cell, what signals it receives, what position it holds. It raises questions like why, despite the liver and spleen sitting in close proximity,  cancer metastasis appears in the liver but almost never in the spleen.<br/><br/>So much remains to be understood. What we do know has come from decades of disciplined, painstaking work by researchers, doctors, nurses, and patients each contributing to a collective effort to understand something as fundamental as ourselves. Without that drive to study the basic unit of life, there would be no treatments, no vaccines, nothing.<br/><br/>PS: If The Emperor of All Maladies is where you want to arrive, this book offers the better starting point. Cells first.",,,1,0
17490,The Faraway Tree Stories (The Faraway Tree #1-3),Enid Blyton,"Blyton, Enid",,"=""1405201711""","=""9781405201711""",5.0,Egmont Books,Paperback,583,2002,1991,,2026/06/08,,,read,,,,1,0
17836100,The Carpet People,Terry Pratchett,"Pratchett, Terry",,"=""0544212479""","=""9780544212473""",5.0,Clarion Books,Hardcover,296,2013,1992,,2026/06/08,,,read,,,,1,0
22522805,The Buried Giant,Kazuo Ishiguro,"Ishiguro, Kazuo",,"=""030727103X""","=""9780307271037""",4.0,Alfred A. Knopf,Hardcover,317,2015,2015,2023/06/21,2023/06/10,,,read,,,,1,0
1885,Pride and Prejudice,Jane Austen,"Austen, Jane",Anna Quindlen,"=""1441341706""","=""9781441341709""",5.0,Modern Library,Paperback,279,2023,1813,,2023/12/15,,,read,,,,1,0
48855,The Diary of a Young Girl,Anne Frank,"Frank, Anne","Eleanor Roosevelt, Susan Massotty, Γιάννης Θωμόπουλος, Barbara Mooyaart-Doubleday, Otto H. Frank, Mirjam Pressler","=""""","=""""",5.0,Bantam,Mass Market Paperback,283,1993,1947,,2024/01/12,,,read,,,,1,0
24583,The Adventures of Tom Sawyer,Mark Twain,"Twain, Mark","Guy Cardwell, John Seelye, Mark Hallaq, Amanda Lee","=""""","=""9780143039563""",3.0,Penguin Classics,Paperback,244,2006,1876,,2024/01/12,,,read,,,,1,0
77265004,The Iliad,Homer,"Homer, Homer",Emily Wilson,"=""1324001801""","=""9781324001805""",4.0,W. W. Norton & Company,Hardcover,848,2023,-750,,2024/01/12,,,read,,,,1,0
295,Treasure Island,Robert Louis Stevenson,"Stevenson, Robert Louis",Newell Convers Wyeth,"=""0753453800""","=""9780753453803""",4.0,Kingfisher,Hardcover,352,2001,1882,,2024/01/12,,,read,,,,1,0
8695,"The Restaurant at the End of the Universe (The Hitchhiker's Guide to the Galaxy, #2)",Douglas Adams,"Adams, Douglas",,"=""""","=""""",5.0,Del Rey,Paperback,250,2005,1980,,2024/08/15,,,read,,,,1,0
8694,"Life, the Universe and Everything (The Hitchhiker's Guide to the Galaxy, #3)",Douglas Adams,"Adams, Douglas",,"=""0345418905""","=""9780345418906""",5.0,Random House Worlds,Paperback,224,1997,1982,,2024/08/15,,,read,,,,1,0
205544315,Heart Lamp: Selected Stories,Banu Mushtaq,"Mushtaq, Banu",Deepa Bhasthi,"=""1916751164""","=""9781916751163""",4.0,And Other Stories,Paperback,215,2025,2024,2025/08/09,2025/08/08,,,read,"_Heart Lamp_<br/><br/><br/>“If you were to build the world again, to create males and females again, do not be like an inexperienced potter. Come to earth as a woman, Prabhu!<br/>Be a woman once, oh Lord!” #banumushtaq<br/><br/>Banu Mushtaq’s #heartlamp won the 2025 booker prize. Her  12 stories are not of empowered women but of the quiet strength of women. The kind of strength not demanding to be witnessed or felt.  Mushtaq’s women linger, refusing closure, leaving behind the weight of unresolved justice.<br/><br/>Even though the stories are grounded in a specific religion and community, the theme is universal. Violence, silence, survival and grief are after all universal. Translated by #deepabhasti, the discomfort is not smoothed over, rather the tension is felt by the reader. ",,,1,0
17262100,The Lowland,Jhumpa Lahiri,"Lahiri, Jhumpa",,"=""0307265749""","=""9780307265746""",4.0,Knopf,Hardcover,340,2013,2013,2026/02/25,2026/02/24,,,read,"_The Lowland_<br/><br/>Set against the  backdrop of the 1960s Naxalite movement in Calcutta, The Lowland traces the lives of two brothers whose childhood closeness slowly gives way to distance shaped by choice, conviction, and circumstance.<br/><br/>Once inseparable, their paths diverge sharply in early adulthood. Yet the quiet gravity of family has its own pull, drawing their lives back into one another in ways that are complicated, fragile, and enduring. Each must live with the weight of what was chosen and what was left behind.<br/><br/>Lahiri writes about life not as tragedy, but as it unfolds: restrained, intimate, and deeply human. Her prose moves with a quiet poetry tinged with a gentle melancholy.<br/>",,,1,0
61358640,Old God's Time,Sebastian Barry,"Barry, Sebastian",,"=""0593296109""","=""9780593296103""",4.0,Viking,Hardcover,261,2023,2023,2026/03/19,2026/03/17,,,read,"“Not just as a point of official principle, but as a secret, private principle that all children must be guarded. They must have safety and if they could also have love, so much the better. To threaten a child, to bring hurt to a child, was the chief crime before God and man. It must never go un-punished. A child was a small matter by definition. Who will speak for the child? Who will act for him or her?”#sebastianbarry <br/><br/>Old God’s Time by Sebastian Barry (2023) is set against the backdrop of Irish Catholic institutional abuse. We meet Tom Kettle, a retired detective and survivor of childhood abuse. We live through the lifelong trauma of his experience and its generational effects. Tom’s and his wife’s trauma does not simply vanish, despite their best efforts. It percolates, seeps into everyday life, and spills into the lives of their children.<br/><br/>It’s a classic example of an unreliable narrator—the story unfolds entirely within the narrator’s mind, through his thoughts and perceptions. That is all we are given at first. Gradually, through his rambling reflections, we begin to realize that not everything presented to us is true. Some parts reflect what he wishes were true, some verge on hallucination, and others seem to gloss over the harsher realities of his life.<br/><br/>In this subtle and compelling way, we come to understand the protagonist’s life—his family, his childhood, and his youth.<br/><br/>He is ultimately forced to confront and accept the harsh life he was dealt, despite his persistent attempts to suppress and erase those painful memories.<br/><br/>It’s a slow read and may not be everyone’s taste. But if you enjoy living inside and slowly detangling through another person’s mind, then this is for you.",,,1,0
6101138,"Wolf Hall (Thomas Cromwell, #1)",Hilary Mantel,"Mantel, Hilary",,"=""""","=""""",4.0,HarperCollins Publishers Ltd,Paperback,653,2010,2009,2026/05/03,2022/09/23,,,read,"« Why are we so attached to the severities of the past? Why are we so proud of having endured our fathers and our mothers, the fireless days and the meatless days, the cold winters and the sharp tongues? It's not as if we had a choice. » #hilarymantel <br/><br/>A masterpiece by Hilary Mantel and winner of the Booker Prize, Wolf Hall is the first part of a trilogy narrating the rise of Thomas Cromwell from a humble blacksmith’s son to Prime Minister to Henry VIII. <br/><br/>This part follows the political and religious manoeuvres used to legitimise Henry’s marriage to Anne Boleyn, from pressuring the Church and bending the law to slowly dismantling the authority of Rome itself in order to nullify his decades-long marriage to Catherine of Aragon.<br/><br/>It’s historical fiction that reads like a slow political thriller. Rich in detail and a taxing read, but I enjoyed it thoroughly. I love well-researched, immersive historical fiction, and mix politics into it and it’s sold for me. Mantel brings remarkable depth to the character of Cromwell, who otherwise survives in history mostly through the records of Henry VIII.<br/><br/>If you enjoy power, politics, and drama moving like a game of chess, then this is for you.<br/><br/>Here’s a quick context to Henry VIII’s court. <br/><br/>P.S. Henry breaks from Rome to marry Anne Boleyn, with Anne herself playing a part in the scheming and isolation of Catherine of Aragon. But the same ruthless court politics that crown her eventually lead to her execution on Henry’s orders.",,,1,0
7170627,The Emperor of All Maladies: A Biography of Cancer,Siddhartha Mukherjee,"Mukherjee, Siddhartha",,"=""""","=""""",4.0,Scribner,Hardcover,472,2010,2010,2026/05/30,2026/05/14,,,read,"Death in old age is inevitable, but death before old age is not.”<br/>— Richard Doll, quoted in The Emperor of All Maladies<br/><br/>A Pulitzer Prize winning novel by Sidharth Mukherjee, the book is a biography of cancer. Mukherjee, a cancer physician and researcher, traces cancer from Imhotep’s admission of helplessness to the molecular age’s understanding the function and structure of cancer cells. While occasionally  meandering, it is an essential reading for patients, physicians, and anyone who has ever sat in a waiting room trying to find the right words.<br/><br/><br/> Cancer cells are not alien, they arise from within, carrying our own DNA, running our own growth machinery, only without the brakes. This likeness is why cancer is so hard to treat. Every drug that kills a cancer cell risks killing a normal one. The therapeutic window is narrow because the biological distance between us and our tumours is small.<br/><br/>The striking insight by Mukherjee was reframing the whole ambition of oncology: not cure, but the right to reach old age. A cancer rendered chronic may be the most honest definition of winning, that medicine can currently offer.<br/><br/>“Indeed, as the fraction of those affected by cancer creeps inexorably in some nations from one in four to one in three to one in two, cancer will, indeed, be the new normal. The question then will not be if we will encounter this immortal illness in our lives, but when.” ",,,1,0
17312585,Neither Roses Nor Thorns,H.R. Khanna,"Khanna, H.R.",,"=""817012901X""","=""9788170129011""",0,Eastern Book Company,Hardcover,500,2010,2010,,2026/06/03,to-read,to-read (#59),to-read,,,,0,0
27276428,The Gene: An Intimate History,Siddhartha Mukherjee,"Mukherjee, Siddhartha",,"=""""","=""""",0,Scribner,Hardcover,592,2016,2016,,2026/05/31,to-read,to-read (#58),to-read,,,,0,0
58877223,Kairos,Jenny Erpenbeck,"Erpenbeck, Jenny",,"=""332860085X""","=""9783328600855""",0,Penguin Verlag,Hardcover,379,2021,2021,,2026/05/11,to-read,to-read (#57),to-read,,,,0,0
49382648,Celestial Bodies,Jokha Alharthi,"Alharthi, Jokha",Marilyn Booth,"=""1948226944""","=""9781948226943""",0,Catapult,Paperback,256,2019,2010,,2026/05/11,to-read,to-read (#56),to-read,,,,0,0
13623874,Mossad: The Greatest Missions of the Israeli Secret Service,Michael Bar-Zohar,"Bar-Zohar, Michael",Nissim Mishal,"=""0062123408""","=""9780062123404""",3.0,Ecco,Hardcover,388,2012,2010,2026/03/17,2025/02/25,,,read,,,,1,0
807495,A New World,Amit Chaudhuri,"Chaudhuri, Amit",,"=""037572480X""","=""9780375724800""",0,Vintage,Paperback,208,2002,2000,,2026/03/04,to-read,to-read (#55),to-read,,,,0,0
34840599,The Complete Khalid Hosseini (3 books box set),Khaled Hosseini,"Hosseini, Khaled",,"=""9385436562""","=""9789385436567""",5.0,BLOOMSBURY,Paperback,0,2015,2015,,2022/06/06,,,read,,,,1,0
179311316,Why We Die: The New Science of Aging and the Quest for Immortality,Venki Ramakrishnan,"Ramakrishnan, Venki",,"=""0063113279""","=""9780063113275""",5.0,William Morrow,Hardcover,320,2024,2024,2025/03/28,2025/03/20,,,read,,,,1,0
39088590,Gene Machine: The Race to Decipher the Secrets of the Ribosome,Venki Ramakrishnan,"Ramakrishnan, Venki",,"=""0465093361""","=""9780465093366""",4.0,Basic Books,Hardcover,288,2018,2018,2025/03/20,2025/03/16,,,read,,,,1,0
58662236,Small Things Like These,Claire Keegan,"Keegan, Claire",,"=""0802158749""","=""9780802158741""",0,Grove Press,Hardcover,118,2021,2021,,2025/03/12,to-read,to-read (#54),to-read,,,,0,0
22034,"The Godfather (The Godfather, #1)",Mario Puzo,"Puzo, Mario","Robert Thompson, Peter Bart","=""""","=""""",5.0,NAL,Paperback,428,2002,1969,2025/02/25,2025/02/18,,,read,,,,1,0
175735867,Douglas Adams's Starship Titanic,Terry Jones,"Jones, Terry",Douglas Adams,"=""1761268708""","=""9781761268700""",2.0,Macmillan,Kindle Edition,218,2023,1997,2025/02/08,2025/01/11,,,read,,,,1,0
670679,Incredible Adventures of Professor Shonku,Satyajit Ray,"Ray, Satyajit",,"=""0140245928""","=""9780140245929""",0,Penguin Books Australia,Paperback,196,1994,1994,,2025/02/15,to-read,to-read (#53),to-read,,,,0,0
29815670,Insider,R.V. Raman,"Raman, R.V.",,"=""935195031X""","=""9789351950318""",4.0,Hachette,Paperback,352,2016,,2025/02/14,2025/01/21,,,read,,,,1,0
39704054,Chemmeen,തകഴി |Thakazhi Sivasankara Pillai,"Pillai, തകഴി |Thakazhi Sivasankara",Anita Nair,"=""9352774930""","=""9789352774937""",4.0,HarperCollins India,Paperback,288,2018,1956,2025/01/11,2022/09/28,,,read,,,,1,0
62069739,When We Cease to Understand the World,Benjamín Labatut,"Labatut, Benjamín",Adrian Nathan West,"=""""","=""""",0,New York Review Books,Kindle Edition,193,2022,2020,,2025/01/02,to-read,to-read (#52),to-read,,,,0,0
6369447,मृत्युंजय [Mrutyunjay],Shivaji Sawant,"Sawant, Shivaji",,"=""""","=""""",0,Continental,Paperback,697,,1967,,2025/01/01,to-read,to-read (#51),to-read,,,,0,0
48508077,Gathering Evidence,Martin MacInnes,"MacInnes, Martin",,"=""1786493462""","=""9781786493460""",0,Atlantic Books,Kindle Edition,320,2020,2020,,2024/10/31,to-read,to-read (#50),to-read,,,,0,0
17718835,How Forests Think: Toward an Anthropology Beyond the Human,Eduardo Kohn,"Kohn, Eduardo",,"=""0520276116""","=""9780520276116""",0,University of California Press,Paperback,267,2013,2013,,2024/10/27,to-read,to-read (#49),to-read,,,,0,0
59808603,The Mountain in the Sea,Ray Nayler,"Nayler, Ray",,"=""0374605955""","=""9780374605957""",4.0,MCD,Hardcover,456,2022,2022,2024/10/27,2024/10/20,,,read,,,,1,0
2459963,Indira Gandhi: The First Biography,Ela Sen,"Sen, Ela",,"=""0720600634""","=""9780720600636""",4.0,Peter Owen,Hardcover,198,1973,,2024/10/16,2024/10/10,,,read,,,,1,0
5942,Anil's Ghost,Michael Ondaatje,"Ondaatje, Michael",,"=""0375724370""","=""9780375724374""",0,Vintage,Paperback,311,2001,2000,,2024/10/13,to-read,to-read (#48),to-read,,,,0,0
11713,The English Patient,Michael Ondaatje,"Ondaatje, Michael",,"=""0771068719""","=""9780771068713""",0,McClelland & Stewart,Hardcover,320,2006,1992,,2024/10/13,to-read,to-read (#47),to-read,,,,0,0
55873262,A Passage North,Anuk Arudpragasam,"Arudpragasam, Anuk",,"=""0593230701""","=""9780593230701""",0,Hogarth,Hardcover,304,2021,2021,,2024/10/13,to-read,to-read (#46),to-read,,,,0,0
57224204,The Seven Moons of Maali Almeida,Shehan Karunatilaka,"Karunatilaka, Shehan",,"=""1908745908""","=""9781908745903""",4.0,Sort of Books,Hardcover,386,2022,2022,2024/10/10,2024/09/22,,,read,"_The Seven Moons of Maali Almeida_<br/><br/>“Even on the sad days, when you have to process young children or those leaving lovers behind, you come to realise that every death is significant, even when every life appears not to be”<br/>Shehan Karunatilaka, The Seven Moons of Maali Almeida<br/><br/><br/>It is 1990, Colombo, Sri Lanka. Maali Almeida is dead and he has seven moons or 7 nights to find out the why’s, who’s and how’s about his death. <br/><br/>In his life, he was a professional war photographer, specifically Sri lankan civil war. During his lifetime, Maali was not particularly concerned with the ethics or morality either in professional or personal life. He worked for anyone who interested him, his main objective being to gather intelligence photographs which he believed would help in ending the war and toppling down the government.  <br/><br/>The writing style reminds me a little of Salman Rushdie with heavy magical realism interspersed with political satire and historical context. Narrated in second person style, #shehankarunatilaka takes us through the darkest periods of Srilankan history. <br/><br/>The author boldly writes about the various warring factions within Sri Lanka and the international armies and intelligence agencies who enter with the promise of aid but contribute  as much to the existing civil unrest. <br/><br/>The narrative does fall a little slow and repetitive at times, but not enough to stop reading. It is immersive, compelling and a powerful story. Worthy of the 2022 international booker prize. ",,,1,0
290380,Indira Gandhi: My Truth,Indira Gandhi,"Gandhi, Indira",Emmanuel Poughpadass,"=""0394179765""","=""9780394179766""",0,Grove Pr,Paperback,200,1982,1982,,2024/10/10,to-read,to-read (#45),to-read,,,,0,0
207300960,Creation Lake,Rachel Kushner,"Kushner, Rachel",,"=""1982116528""","=""9781982116521""",4.0,Scribner,Hardcover,416,2024,2024,2024/09/20,2024/08/13,,,read,"_Creation Lake_<br/><br/>#creationlake by #rachelkushner is shortlisted for the booker prize 2024.  The book is from the perspective of a  secret agent ‘Sadie Smith’ sent by private anonymous agents to investigate a commune in  rural French, led by a strange man Bruno Lacombe, who communicates only via email. <br/>Bruno is obsessed with the Neanderthal way of life and strongly believes that homosapien’s modern life resulted in the mess we are in. He advocates for a return to ancient life. Her agents want her to dig out some dirt on the commune to incarcerate them, subsequently provoke them to incite violence and sometimes more. <br/><br/>Although designed as a spy thriller, it is anything but a fast paced thriller. We are introduced to Sadie smith and how Bruno Lacombe’s ideas, sometimes even ridiculous ones seem to influence her. And in this process, we are allowed a glimpse to the true nature of Sadie Smith. The novel is interspersed with the retrospections of her past assignments and Bruno Lacombe’s emails. Complexity of Sadie’s  character is a highlight in the book and so is the philosophical discussion via Bruno’s emails about why Homo sapiens emerged dominant. <br/><br/>The book is mix of spy life and philosophy. Sadie is sarcastic, clever and humorous while Bruno presents a touch of intellectual stimulation. It’s the discussion itself and the character arc of Sadie that forms the crux of the book. <br/><br/>I enjoyed it but I thought the ending fell a little flat. ",,,1,0
68005500,The Centre,Ayesha Manazir Siddiqi,"Siddiqi, Ayesha Manazir",,"=""""","=""""",0,"Zando Projects, Gillian Flynn Books",Hardcover,288,2023,2023,,2024/09/21,to-read,to-read (#44),to-read,,,,0,0
37004370,The Memory Police,Yōko Ogawa,"Ogawa, Yōko",Stephen    Snyder,"=""1101870605""","=""9781101870600""",4.0,Pantheon,Hardcover,274,2019,1994,2024/09/04,2024/08/10,,,read,"_The Memory Police_<br/><br/>The memory police is a compelling book published 25 years ago in Japan and recently translated to English in 2019. The book was shortlisted for international booker prize in 2020.<br/><br/>There is a writer in an unnamed island that none are able to depart. Things disappear in the island routinely. Birds, calendar, flowers, books etc, and when they disappear, any memory associated with that object also disappears from the inhabitant’s life. Soon they can no longer remember the object, any memory of it or any sense of what it might have been at all. <br/><br/>There are people in the island, who can remember. They are rounded up by the memory police and taken away. <br/><br/>The book is very subtle, the premise although sounds structured, soon becomes a vague exploration of what it means to not have memories. How it may shape our sense of self. There is no discussion of why, how or when the disappearing happens. Ogawa’s words are calm and flat while they detail unnerving events. <br/><br/>The protagonist’s boss who can still remember, reassures that disappearance doesn’t necessarily mean it stops existing. There is a quite tension between the need to remember and the opportunity to not remember. Thus those who forget don’t have a sense of loss. Because it ceases to exist for them. We are left to wonder if it’s really so bad to not have memories. <br/><br/>Ogawa offers no answers just a lot of questions in your head. Do memories shape communities, our sense of self? If we could collectively forget, what does it mean for us as a community. Is life easier ? The work can be experienced as fable or allegory, warning and illumination. A rare piece of writing. ",,,1,0
55921230,The Disappearing Act: The Impossible Case of MH370,Florence de Changy,"Changy, Florence de",,"=""0008381534""","=""9780008381530""",3.0,Mudlark,Hardcover,432,2021,2021,2023/07/15,2023/07/10,,,read,,,,1,0
57127277,Kaikeyi,Vaishnavi Patel,"Patel, Vaishnavi",,"=""0759557330""","=""9780759557338""",3.0,Redhook,Hardcover,478,2022,2022,2024/08/22,2024/08/22,,,read,,,,1,0
53000876,Contact,Carl Sagan,"Sagan, Carl",,"=""""","=""""",0,Simon & Schuster,Kindle Edition,456,2016,1985,,2024/08/15,to-read,to-read (#43),to-read,,,,0,0
20518872,"The Three-Body Problem (Remembrance of Earth’s Past, #1)",Liu Cixin,"Cixin, Liu",Ken Liu,"=""""","=""""",4.0,Tor Books,Hardcover,472,2014,2006,2024/07/16,2024/07/12,,,read,"_The Three Body Problem_<br/><br/>The trilogy is a translated Chinese fiction consisting of  *The Three-Body Problem*, *The Dark Forest*, and *Death’s End*.<br/><br/>The “three-body problem” is an actual physics issue that deals with the chaotic and unpredictable movements of three celestial bodies in space. In the book, the Trisolarans come from a civilization in a three-star system, which creates an extremely unstable environment for them. To survive, they must find another habitable planet.<br/><br/>When Earth's location is broadcast, the Trisolarans begin their journey toward us, but they are still 450 years away. The book deeply explores how human society might react to the knowledge of an impending doomsday centuries away, examining social, technological, and scientific implications.<br/><br/>The philosophical questions raised in *The Three-Body Problem* are especially thought-provoking. How would contact with an alien civilization change humanity? Is coexistence possible? Would the awareness of such a future increase the divide or form a catalyst for a newer just society? And who bears the burden of this new reality—us, or the future generations?<br/><br/>In the second book, the “dark forest theory” is introduced, highlighting the dangers of a civilization broadcasting its location. It is one of many possible explanations of the Fermi paradox. The paradox states that If we assume that the solar system is typical of the billions and billions of similar systems, then where is everyone?<br/><br/>Cixin Liu presents a grim view of life in the universe: with so many planets, life likely exists beyond Earth, but the galaxy is eerily silent. He compares it to a dark forest, where civilizations hide to avoid detection. Revealing your location could invite immediate threats from more advanced civilizations. The Trisolarans are one such threat, but there are likely others.<br/><br/>The final book raises a profound question: are the physical laws of the universe we study are natural, or are they shaped by civilizations?<br/><br/>The trilogy spans centuries, beginning with humanity's awareness of the Trisolarans’ approach, through a truce between the two species, and beyond. It’s rich with scientific detail, which might be daunting for some readers, but as a science enthusiast, I found it incredibly rewarding. While the character development is lacking—possibly due to translation—the depth and detail more than make up for it.<br/><br/>Overall, it’s one of the finest works of science fiction I’ve read.",,,1,0
25451264,"Death's End (Remembrance of Earth’s Past, #3)",Liu Cixin,"Cixin, Liu",Ken Liu,"=""0765377101""","=""9780765377104""",5.0,TOR,Hardcover,604,2016,2010,2024/08/10,2024/08/01,,,read,,,,1,0
23168817,"The Dark Forest (Remembrance of Earth’s Past, #2)",Liu Cixin,"Cixin, Liu",Joel Martinsen,"=""""","=""""",4.0,Tor Books,Hardcover,512,2015,2008,2024/08/01,2024/07/12,,,read,,,,1,0
197063361,In Ascension,Martin MacInnes,"MacInnes, Martin",,"=""0802163467""","=""9780802163462""",4.0,Black Cat,Paperback,496,2024,2024,2024/07/05,2024/06/26,,,read,"_In Ascension_<br/><br/>“In order to create itself, life already has to exist. The end instigates a beginning. Cells produce the conditions essential for their own creation. Life is circular, atemporal. Every cell an instance of time travel. “ <br/><br/>Long listed for the 2023 Booker Prize, #inascension is Martin Macinnes ambitious work exploring a  human life. From the deep vents discovered in ocean to the farthest reaches of Solar System, the book is a journey of a Life specifically of Dr Leigh Hasenboch, who trained as a marine microbiologist.<br/><br/>A compassionate, inquisitive epic, it’s a unique blend of exploring the big questions set in the background of  innate human fragility. <br/><br/>I love books that expound science, and this one did it while being a mixed genre. It was intellectually interesting and stimulating. This book may not be for everyone.  There are pages and pages of subtle layering which you may not like if you are into fast paced sci-fiction novellas. This is a soft science-fiction (a very very near future), not dystopian, amply interspersed with psychology and philosophy (If you liked Arrival or Interstellar or Space Odyssey, then you may like this). <br/><br/>The mystery is not solved, rather its existence is revealed. It gives something that you carry with you long after you finish the book. <br/><br/>“Everyone should be acknowledged. Everyone should be missed when they are not right there with you because of what they carry, this very distinct way they have of bearing themselves that is like no one else and that is built by everything they have done and everything they have seen.”<br/>",,,1,0
25019,"The Professor and the Madman: A Tale of Murder, Insanity and the Making of the Oxford English Dictionary",Simon Winchester,"Winchester, Simon",,"=""0060839783""","=""9780060839789""",0,Harper Perennial,Paperback,242,2005,1998,,2024/07/01,to-read,to-read (#42),to-read,,,,0,0
58999261,Time Shelter,Georgi Gospodinov,"Gospodinov, Georgi",Angela Rodel,"=""1324090952""","=""9781324090953""",5.0,Liveright,Hardcover,304,2022,2020,2024/06/23,2024/06/12,,,read,"_Time Shelter_<br/><br/>""It's simple. When you have no future, you vote for the past.""<br/><br/>Bulgarian author Georgi Gospodinov's ""Time Shelter,"" translated to English by Angela Rodel, portrays a geriatric psychiatrist named Gaustine who treats dementia patients using ‘clinics of the past’ recreating detailed historical settings. This concept soon expands to influence European politics. Europe decides to go back to a past where they believe they had the best times.<br/><br/>The novel develops this into a Brexit model where each country decides to which decade from the 20th century they would like to return. This is the best part in the book, as the narrator walks through the choices in each country. <br/><br/>It’s a clever and powerful reflection of our political present, particularly how nostalgia is wielded to push specific agendas.<br/><br/>""The aging chose the years of their youth, yet the young, who were not even born then, would have to live in those years. There was a certain injustice in that - choosing the time the next generation would live in. As happens in all elections, actually.""<br/><br/>The novel prioritizes ideas over characters, plot, or setting, occasionally meandering chaotically. Despite this, I found it enjoyable. What's noteworthy is its non-hypothetical nature; we've all heard political calls to return to a glorified past we didn't experience firsthand.",,,1,0
42626032,"A Stranger Truth: Lessons in Love, Leadership and Courage from India's Sex Workers",Ashok Alexander,"Alexander, Ashok",,"=""8193876709""","=""9788193876701""",0,Juggernaut,Hardcover,312,2018,,,2024/06/23,to-read,to-read (#41),to-read,,,,0,0
17994,The Code Book: The Science of Secrecy from Ancient Egypt to Quantum Cryptography,Simon Singh,"Singh, Simon",,"=""0385495323""","=""9780385495325""",0,Anchor,Paperback,432,2000,1999,,2024/06/23,to-read,to-read (#40),to-read,,,,0,0
55457159,"In the Shadow of the Swastika: The Relationships Between Indian Radical Nationalism, Italian Fascism and Nazism (Routledge Studies in Modern History)",Marzia Casolari,"Casolari, Marzia",,"=""""","=""""",0,Routledge,Kindle Edition,152,2020,,,2024/06/15,to-read,to-read (#39),to-read,,,,0,0
41021501,Small Great Things,Jodi Picoult,"Picoult, Jodi",,"=""034554496X""","=""9780345544964""",4.0,Ballantine Books,Kindle Edition,510,2016,2016,2024/06/02,2024/05/22,,,read,"_Small Great Things_<br/><br/>“Equality is treating everyone the same. But equity is taking differences into account, so everyone has a chance to succeed.” #jodipicolt <br/><br/>This work by Jodi Picolt is about an African American labor and delivery  Nurse with over 20 years experience being accused of the murder of a baby by its white supremacist father. <br/><br/>The book is a layered and empathetic  exploration of race in the contemporary world. It poses a particular position that the protagonist Ruth finds herself in. And in exploring this unique situation, Jodi Picolt addresses equality and equity and the subtle ways passive racism moves among us. Jodi takes a step further and provides a background for the white suprimacist father, portraying his journey to his ideals. Picolt’s work doesn’t preach, instead it simply pulls up a mirror and forces you to acknowledge the many many privileges that we take for granted.  <br/><br/>The ending was perhaps idyllic, but over all, the book was a good exposition of race in the modern world and gives the reader a lot to reflect upon. <br/><br/>“You say you don’t see color…but that’s all you see. You’re so hyperaware of it, and of trying to look like you aren’t prejudiced, you can’t even understand that when you say race doesn’t matter all I hear is you dismissing what I’ve felt, what I’ve lived, what it’s like to be put down because of the color of my skin.”",,,1,0
6943146,Nine Lives: In Search of the Sacred in Modern India,William Dalrymple,"Dalrymple, William",,"=""1408801531""","=""9781408801536""",5.0,Bloomsbury UK,Paperback,284,2009,2009,2024/05/14,2024/04/23,,,read,"_Nine Lives: In Search of the Sacred in Modern India_<br/><br/>“There is no fire in hell,” he reported. “Everyone who goes there brings their own fire, and their own pain, from this world.” #williamdalrympal <br/><br/>William Dalrymple's 'Nine Lives' begins by introducing  a nomadic Jain Nun in Sravanabelagola who had to watch her friend ritually starve herself to death, then it traverses through the Theyyam dancers of Kerala, Sufism in Sindh, a Tibetian monk who had to take up arms, the bronze idol makers of Swamimalai, Devadasis in Saundatti, Karnataka and Tantrists in Bengal. Nine magically crafted live stories is told by Dalrympal as an observer who lets the characters tell their spellbinding stories. Each of these people are intensely invested in their faiths.  <br/><br/>Rituals and traditions run deep in India and it is an illustration of how much modernisation and the sacred co exist in this complex nation. What is God in their eyes is beautiful, generous and kind. In these lives religion becomes a simple faith and not an institution and that makes all the difference. <br/>",,,1,0
131359,"Death on the Nile (Hercule Poirot, #18)",Agatha Christie,"Christie, Agatha",,"=""""","=""""",4.0,Bantam Books,Paperback,352,1978,1937,2024/05/04,2024/05/01,,,read,,,,1,0
1822547,Zero Minus Ten,Raymond Benson,"Benson, Raymond",,"=""0399142576""","=""9780399142574""",3.0,Putnam Adult,Hardcover,272,1997,1997,2024/04/23,2024/04/23,,,read,,,,1,0
261830,"The God Particle: If the Universe Is the Answer, What Is the Question?",Leon M. Lederman,"Lederman, Leon M.",Dick Teresi,"=""0385312113""","=""9780385312110""",0,Delta,Paperback,448,1994,1993,,2024/04/11,to-read,to-read (#38),to-read,,,,0,0
251688,Breakfast at Tiffany’s and Three Stories,Truman Capote,"Capote, Truman",,"=""""","=""""",3.0,Vintage Books,Paperback,142,1993,1958,2024/03/24,2024/02/09,,,read,,,,1,0
895807,The Rain Before it Falls,Jonathan Coe,"Coe, Jonathan",,"=""0670917281""","=""9780670917280""",4.0,London : Viking,Hardcover,256,2007,2007,2024/03/11,2024/03/10,,,read,,,,1,0
2975638,The Wishing Tree,William Faulkner,"Faulkner, William",,"=""0685332446""","=""9780685332443""",3.0,Garland Publishing,Hardcover,122,,1964,2024/03/04,2024/03/04,,,read,,,,1,0
2165,The Old Man and the Sea,Ernest Hemingway,"Hemingway, Ernest",,"=""0684830493""","=""9780684830490""",3.0,Scribner,Hardcover,96,1996,1952,2024/02/21,2024/01/12,,,read,,,,1,0
168642,In Cold Blood,Truman Capote,"Capote, Truman",,"=""0679745580""","=""9780679745587""",4.0,Vintage,Paperback,343,1994,1966,2024/02/12,2024/01/31,,,read,,,,1,0
52578297,"The Midnight Library (The Midnight World, #1)",Matt Haig,"Haig, Matt",,"=""0525559477""","=""9780525559474""",2.0,Viking,Hardcover,288,2020,2020,2024/02/07,2024/01/31,,,read,,,,1,0
101299,The Reader,Bernhard Schlink,"Schlink, Bernhard",Carol Brown Janeway,"=""0375408266""","=""9780375408267""",4.0,Pantheon,Hardcover,216,1997,1995,2024/01/29,2024/01/29,,,read,"_The Reader_<br/><br/>#thereader is an emotionally intelligent novel on the connection between morality, responsibility and the degrees to which we think are responsible for the world. <br/><br/>Originally written in German, it is translated to English by #carolbrownjaneway, it is simultaneously powerful and philosophical and yet not unrealistic or uncommon. <br/><br/>It tackles many aspects, one of which is Holocaust weighing in on a post-war generation of Germany. It is also about illiteracy and its weight on a person, about how far can a person go to protect their ego, about the affair between the young protagonist and an older woman and it’s effect on the protagonist’s life. It is about blind obedience and the sort of helpless it generates. It’s a juxtaposition of many aspects. <br/><br/>The writing questions the mankind: what is to be done with the knowledge of the horrors of Holocaust. Do we feel guilt, or shame, or sadness. What do we do with it ? Could any person be considered guilty if they knew about the camps but did nothing ? These questions, like the question to the judge (""... so what would you have done?""), lingers and floats in mid-air.<br/><br/>The character of Hanna Schmidt is quite  remarkable and engrossing. The book, its musings and Hanna Schmidt stay with you, perhaps forever only as questions without any answers. <br/><br/>“I wanted to pose myself both tasks - understanding and condemnation. But it was impossible to do both” #bernhardschlink <br/>",,,1,0
157123628,Through the Broken Glass: An Autobiography,T.N. Seshan,"Seshan, T.N.",,"=""9357022147""","=""9789357022149""",0,Rupa Publications India,Kindle Edition,360,2023,,,2024/01/23,to-read,to-read (#37),to-read,,,,0,0
2657,To Kill a Mockingbird,Harper Lee,"Lee, Harper",,"=""0060935464""","=""9780060935467""",5.0,Harper Perennial Modern Classics ,Paperback,323,2006,1960,2024/01/21,2024/01/05,,,read,"_To Kill a Mocking Bird_<br/><br/>“ There are just some kind of men who - who're so busy worrying about the next world they've never learned to live in this one, and you can look down the street and see the results.” #harperlee <br/><br/>#tokillamockingbird is a 6 year old child’s perspective of her father’s stand against racial injustice during the 1930’s Deep South of USA. <br/><br/>Here is a fine novel filled with beautiful details and clearly layered characters.  The wise yet weary Atticus Finch, Scout and Jem's widowed father, is a noble, warm man who frequently displays a wealth of compassion and empathy which he lovingly imparts to his two children.<br/><br/>Every line in the book is filled with a deep sense of life, warmth and raw humour. The children’s exploration of the society’s irrationality and attitudes to race and gender pricks your conscience. <br/><br/>A must, to meet Atticus Finch once in your life. <br/><br/>PS: No, it’s not a book on mockingbirds or how to kill them. <br/>",,,1,0
44421460,"Before the Coffee Gets Cold (Before the Coffee Gets Cold, #1)",Toshikazu Kawaguchi,"Kawaguchi, Toshikazu",Geoffrey Trousselot,"=""1529029589""","=""9781529029581""",0,Picador,Paperback,213,2019,2015,,2024/01/17,to-read,to-read (#36),to-read,,,,0,0
212622,"Sparkling Cyanide  (Colonel Race, #4)",Agatha Christie,"Christie, Agatha",,"=""0007136854""","=""9780007136858""",0,HarperCollins,Paperback,336,2002,1945,,2024/01/11,to-read,to-read (#35),to-read,,,,0,0
35900387,Eleanor Oliphant Is Completely Fine,Gail Honeyman,"Honeyman, Gail",,"=""0008172145""","=""9780008172145""",3.0,HarperCollins GB,Paperback,390,2018,2017,2024/01/10,2024/01/05,,,read,,,,1,0
45974,The Book of Disquiet,Fernando Pessoa,"Pessoa, Fernando","Bernardo Soares, Richard Zenith","=""0141183047""","=""9780141183046""",0,Penguin Classics,Paperback,544,2002,1982,,2024/01/03,to-read,to-read (#34),to-read,,,,0,0
162780,What Is Life? with Mind and Matter and Autobiographical Sketches,Erwin Schrödinger,"Schrödinger, Erwin",Roger Penrose,"=""0521427088""","=""9780521427081""",5.0,Cambridge University Press,Paperback,184,1992,1944,2023/12/30,2023/12/19,,,read,"_What is Life_<br/><br/>Dive into the essence of life with Erwin Schrödinger's 1944 non-fiction gem, ""What is Life."" Stemming from Schrödinger's captivating lectures at Trinity College in 1943, the book transcends the conventional divide between biology and the physical sciences. <br/><br/>Schrodinger, with this book, discussing his brilliant intuitions and observations, partly inspired  the men and women 10 years later to uncover the double helix structure and form of the DNA.<br/><br/>Schrödinger addressed what puzzled many students — why biology was treated as a subject completely separate from physics and chemistry: On one side were living organisms like animals, plants and cells, while on the other were the realms of atoms, molecules, electricity, and magnetism.<br/><br/>He put a physicist’s question to biology. If entropy is (according to the second law of thermodynamics) things falling apart, the natural disintegration of order into disorder, why don’t genes decay? Why are they instead passed intact from generation to generation? Schrödinger posits that life can resist entropy because of metabolism i.e. life’s ability to draw upon organic compounds which serve them as foodstuffs to maintain order.<br/><br/>In the second half of the book, Schrodinger, observes Life through the prism of metaphysics contemplating consciousness, mind, matter, and the frontiers of scientific understanding.<br/><br/> A riveting conclusion to the literary journey of 2023.<br/><br/>#erwinschrodinger #whatislife #nonfiction #science ",,,1,0
54633172,The Promise,Damon Galgut,"Galgut, Damon",,"=""1784744069""","=""9781784744069""",5.0,Chatto & Windus,Hardcover,293,2021,2021,2023/12/15,2023/12/04,,,read,"_The Promise_<br/><br/>“Apartheid has fallen, see, we die right next to each other now, in intimate proximity. It's just the living part we still have to work out.” #damungalgut<br/><br/>Winner of the 2021 booker prize, ‘The Promise’ by Damon Galgut charts the slow decline of a white South African family comprising of Ma, Pa and their three children (Anton, Astrid, Amor).<br/><br/>The title refers to the promise made by Manie (Pa) to his dying wife Rachel (Ma), overheard by their youngest daughter Amor, that their black family maid Salome should inherit the tiny house in their farm which she currently occupies. <br/><br/>However, at Ma’s funeral, upon reminded of the promise, he refuses having made any, and the promise is skipped over. <br/><br/>The book spans over 4 decades, with each of the 4 chapter looking at the death of one of the family member and the political and personal changes that the decade has brought. At each funeral,  the subject of the promise is brought up by Amor and passed off, refused or remains without any action by the characters. <br/><br/>The book is wonderfully written with a omniscient third person narration, with the perspectives shifting fluidly between the thoughts of characters, sometimes random objects. The narration is fast and each funeral brings a heaviness that is in stark contrast to the fluid narration. <br/><br/>The black characters remain obscure in the book, their thoughts, history and life quite missing in the narration. And this is deliberate, a subtle way of showing their invisibility to the white gaze. It has a dark humour under a melancholy undertone that slowly weighs you down.<br/><br/>Perhaps not a Christmassy book in the usual sense, but still one of hope and redemption. <br/><br/>PS: “No love left, only kindness” <br/>",,,1,0
6535413,The Heart of a Dog,Mikhail Bulgakov,"Bulgakov, Mikhail",,"=""0099529947""","=""9780099529941""",4.0,Vintage Classic,Paperback,128,2009,1925,2023/11/16,2023/01/04,,,read,"“Nobody should be whipped. Remember that, once and for all. Neither man nor animal can be influenced by anything but suggestion” #mikhailbulgakov <br/><br/>‘The heart of a dog/ A dog’s heart’ is a satire on 1920’s Russian society and the their idea of a Soviet man.<br/><br/>A street dog ‘Sharik’ is picked up by a medical professor and is changed into a man after a blotched transplant operation.  <br/>The professor represents everything the Russian revolutionary regime wishes to eradicate and Sharik the ‘new man’ is the example of everything that ruins Russia according to Bulgakov. Sharik’s integration into soviet society is written as a clever comment on Russian revolution, the class discrepancies and the rise of the proletariat.<br/><br/>Bulgakovs short book makes for a rewarding read. The manuscript of the book was confiscated shortly after it was written and not published until 40 years after. <br/><br/>PS: “One can find time for everything if one is never in a hurry”",,,1,0
158875813,Prophet Song,Paul    Lynch,"Lynch, Paul",,"=""""","=""""",0,Oneworld Publications,ebook,259,2023,2023,,2023/12/01,to-read,to-read (#33),to-read,,,,0,0
46223297,Permanent Record,Edward Snowden,"Snowden, Edward",,"=""1250237238""","=""9781250237231""",5.0,Metropolitan Books,Hardcover,339,2019,2019,2023/11/28,2023/11/24,,,read,"_Permanent Record_<br/><br/>“Technology doesn’t have a Hippocratic oath. So many decisions that have been made by technologists in academia, industry, the military, and government since at least the Industrial Revolution have been made on the basis of “can we,” not “should we.” And the intention driving a technology’s invention rarely, if ever, limits its application and use…” #edwardsnowden<br/><br/>In 2013, 29 year old Edward Snowden released documents revealing America’s highly secret and unprecedented system of mass surveillance. He disclosed numerous surveillance programs developed and used in collaboration with the ‘Five Eyes’ Intelligence alliance i.e an alliance comprising of Canada, Australia, New Zealand, UK and USA and also shared among other European countries. <br/><br/>His actions led to the debate of ‘individual  privacy’ and national security. Subsequently a couple of reforms including data encryption standards for file transfers and newer data protection policies were developed. <br/><br/>Snowden’s autobiography is a quick and engaging read explaining the moments that led to his decision to disclose. It’s written in simple prose with technical content explained lucidly with analogies for lay person to comprehend. <br/><br/>Read it if you are interested in conversations on digital privacy. <br/><br/><br/>PS: “Ultimately, saying that you don’t care about privacy because you have nothing to hide is no different from saying you don’t care about freedom of speech because you have nothing to say…” <br/>",,,1,0
56842,Fatherland,Robert   Harris,"Harris, Robert",,"=""0061006629""","=""9780061006623""",3.0,Harper Paperbacks,Paperback,380,1992,1992,2023/11/02,2023/10/13,,,read,"_Fatherland_<br/><br/>An alternate history 1992 novel by #robertharris, Fatherland talks about a setting where Nazis won the World War II. Nazi Germany has taken over most of Europe and is locked in a Cold War with US. The  author has done good research and characters are drawn from the original high ranking Nazis and projected into this alternate history. The city of Berlin in this book is the Berlin that  Albert Speer, a German architect and close ally of Hitler, planned to build. <br/><br/>Peripherally it begins as a procedural detective story but soon takes up the bigger political cover up of what exactly happened to the Europe’s Jews (There are whispers and speculations but they are pushed aside as American propaganda) <br/><br/>It is a good read and a fairly good representation of what might Germany look like in this Alternate history and how the whole of Europe would be as a result and of-course Germany’s relationship with US. <br/><br/>While the protagonist and his love interest lack lustre as characters and show no depth, it is the entire setting that kept me engaged. Despite the interesting premise, the writing is sometimes boring. I suppose the book’s achievement lies in its presentation of this alternate history more than being a thriller. <br/><br/>#fatherland #robertharris #alternatehistory #worldwar2 #bookreviews #bookrecommendation ",,,1,0
118252,Mahabharata,Krishna-Dwaipayana Vyasa,"Vyasa, Krishna-Dwaipayana",C. Rajagopalachari,"=""8172763689""","=""9788172763688""",3.0,Bharatiya Vidya Bhavan,Paperback,483,1951,300,2023/10/25,2023/10/31,,,read,,,,1,0
64415236,Quantum Radio,A.G. Riddle,"Riddle, A.G.",,"=""""","=""""",1.0,Head of Zeus,Kindle Edition,566,2023,2023,2023/10/10,2023/10/11,,,read,,,,1,0
656,War and Peace,Leo Tolstoy,"Tolstoy, Leo","Aylmer Maude, Louise Maude","=""0192833987""","=""9780192833983""",0,Oxford University Press,Paperback,1392,1998,1868,,2023/08/12,to-read,to-read (#32),to-read,,,,0,0
36578942,"The 100-Year-Old Man Who Climbed Out the Window and Disappeared (Hundred-Year-Old Man, #1)",Jonas Jonasson,"Jonasson, Jonas",,"=""""","=""""",4.0,Hachette Books,Kindle Edition,396,2012,2009,2023/09/08,2023/09/03,,,read,,,,1,0
22055262,"A Darker Shade of Magic (Shades of Magic, #1)",V.E. Schwab,"Schwab, V.E.",Victoria Schwab,"=""0765376458""","=""9780765376459""",2.0,Tor,Hardcover,400,2015,2015,2023/08/18,2023/01/15,,,read,,,,1,0
25173536,The Capture and Trial of Adolf Eichmann: The History of Israel’s Abduction and Execution of the Holocaust’s Architect,Charles River Editors,"Editors, Charles River",,"=""""","=""""",4.0,Charles River Editors,Kindle Edition,63,2015,2015,2023/08/07,2023/08/07,,,read,,,,1,0
26241070,The Capture And Trial Of Adolf Eichmann,Moshe Pearlman,"Pearlman, Moshe",,"=""""","=""""",0,Pickle Partners Publishing,Kindle Edition,696,2015,2015,,2023/08/07,to-read,to-read (#31),to-read,,,,0,0
22851653,A Spy Among Friends: Kim Philby and the Great Betrayal,Ben Macintyre,"Macintyre, Ben",,"=""077105551X""","=""9780771055515""",4.0,Signal,Kindle Edition,418,2014,2014,2023/08/06,2023/07/31,,,read,,,,1,0
70535,"2001: A Space Odyssey (Space Odyssey, #1)",Arthur C. Clarke,"Clarke, Arthur C.",,"=""""","=""""",3.0,Roc,Paperback,297,2000,1968,2023/07/20,2022/08/30,,,read,,,,1,0
44148860,"The Andromeda Evolution (Andromeda, #2)",Michael Crichton,"Crichton, Michael",Daniel H. Wilson,"=""0062473271""","=""9780062473271""",3.0,Harper,Hardcover,384,2019,2019,2023/07/06,2023/07/06,,,read,,,,1,0
475235,The Room on the Roof,Ruskin Bond,"Bond, Ruskin",,"=""0140239596""","=""9780140239591""",4.0,Penguin Books,Paperback,152,1989,1956,2023/04/30,2023/04/27,,,read,,,,1,0
24709327,"Scion of Ikshvaku (Ram Chandra, #1)",Amish Tripathi,"Tripathi, Amish",,"=""9385152149""","=""9789385152146""",0,Westland Publication,Paperback,354,2015,2015,,2023/04/30,to-read,to-read (#30),to-read,,,,0,0
58030846,Kaikeyi: The Warrior Queen of Koshala,Jai Shukla,"Shukla, Jai",,"=""9385440918""","=""9789385440915""",0,Petals,Kindle Edition,165,2021,,,2023/04/25,to-read,to-read (#29),to-read,,,,0,0
33376821,Sweet Bean Paste,Durian Sukegawa,"Sukegawa, Durian",Alison  Watts,"=""1786071959""","=""9781786071958""",3.0,Oneworld Publications,Paperback,224,2017,2013,2023/04/25,2023/04/22,,,read,,,,1,0
109254,I Shall Not Hear the Nightingale,Khushwant Singh,"Singh, Khushwant",,"=""0670058149""","=""9780670058143""",0,Viking India,Paperback,280,2004,1959,,2023/03/20,to-read,to-read (#28),to-read,,,,0,0
45047384,"The House in the Cerulean Sea (Cerulean Chronicles, #1)",T.J. Klune,"Klune, T.J.",,"=""""","=""""",3.0,Tor Books,Kindle Edition,393,2020,2020,2023/03/18,2023/03/14,,,read,"_The House in the Cerulean Sea_<br/><br/>#thehouseintheceruleansea is a simple story about acceptance and inclusivity. It has mutant children isolated from society and cared for by special homes. <br/><br/>The protagonist Linus Baker is an employee at DICOMY (Dept in charge for magical youth) whose job involves inspecting how the special homes are run. He is assigned with a task to visit a top secret location housed by 6 supposedly dangerous children and inspect its running. <br/><br/>It is a simple feel-good ‘read by the beach on a sunny day’ type of light fantasy book. The writing was fluid and uncomplicated with some very memorable characters. I loved the child ‘Chauncey’ who dreams of becoming a bellhop. <br/><br/>I felt the book could be more layered and the characters explored more. At the moment, it feels too simple, predictable and unoriginal (it’s very much like X-men) but nevertheless well written. The author has chosen to limit the discussion to the overarching theme of prejudice and people in power abusing their role in protecting the marginalised. The characters could be flushed out in more detail and used to drive the plot line. It felt like all the characters had a great introduction but fell short of a middle and and end, leaving you with a missing feeling. <br/><br/>TJ Klune has a writing style with an essence of Douglas Adams and Terry Pratchett. The book is recommended for cozy feel good weekend vibes. ",,,1,0
61111246,Victory City,Salman Rushdie,"Rushdie, Salman",,"=""0593243390""","=""9780593243398""",5.0,Random House,Hardcover,336,2023,2023,2023/03/06,2023/03/01,,,read,"_Victory City_<br/><br/>“History is the consequence not only of people’s actions, but also of their forgetfulness” #salmanrushdie <br/><br/>In #victorycity Rushdie returns to magical realism, myth, and India’s ancient stories. Typical of his style, his extensive research on historical facts are liberally spiked with magic to create his masterpiece. But unlike his previous works, #victorycity is easy to read, moving linearly and focussing on one character arc. <br/><br/>Victory city (based on the medieval Indian Kingdom of Vijayanagara, which rose and fell from 1336–1565),  is styled  as an abridged translation of an epic narrated by the fictional character of Pampa Kampana who is given the gift of creating an empire with seeds and whisperings. The story chronicles the rise and fall of the ‘victory city’ (translation of the word Vijayanagara), forever oscillating between better and worse.  It’s not difficult to see that it’s an allegory for present-day India narrated by a resilient female demigod. <br/><br/>The book touches a lot of themes from religious intolerance, weaponisation of religion in politics, pluralism and gender inequality.<br/>Rushdie impresses upon readers the power of imaginative storytelling and iterates that what remains at the end is words. Rushdie elevates those who wield the power of words to a god like importance. It is their liberal words alone that stands as a witness  to all that existed before our time. What is true, what is fiction, what is important and what is not, is given to us to sift through. <br/><br/>“Words are the only victors,” reads its last line.",,,1,0
53799686,Anxious People,Fredrik Backman,"Backman, Fredrik",Neil   Smith,"=""1982121602""","=""9781982121600""",5.0,Simon & Schuster Canada,Paperback,336,2020,2019,2023/02/28,2023/02/28,,,read,"_Anxious People_<br/><br/>“They say that a person’s personality is the sum of their experiences. But that isn’t true, at least not entirely, because if our past was all that defined us, we’d never be able to put up with ourselves. We need to be allowed to convince ourselves that we’re more than the mistakes we made yesterday. That we are all of our next choices, too, all of our tomorrows.” #fredrikbackman <br/><br/>Backman writes on being human, on how stupid, quirky and sentimental we all are. And his writings combine these elements, that both makes you laugh and feel belonged. I have always enjoyed reading books that introduce complex humanness through whimsical  or humorous  writing style and I liked this one just as much as #amancalledove. <br/><br/>Very simply the book is about a bank robbery gone wrong and an accidental hostage situation involving a very reluctant and confused robber and a bunch of people who are ‘the worst hostages ever’. <br/><br/>It can be a little wordy which may not be to everyone’s taste, but I find whimsically written long texts pretty amusing. <br/><br/>“You need psychology if you think you're a dolphin. You need psychiatry if you've killed all the dolphins” #fredrikbackman <br/>",,,1,0
307791,"The City of Ember (Book of Ember, #1)",Jeanne DuPrau,"DuPrau, Jeanne",,"=""0375822747""","=""9780375822742""",4.0,Random House Children's Books,Paperback,270,2003,2003,2023/02/18,2023/02/18,,,read,,,,1,0
11177551,"Dirk Gently's Holistic Detective Agency (Dirk Gently, #1)",Douglas Adams,"Adams, Douglas",,"=""""","=""""",4.0,Pan Books,ebook,291,2009,1987,,2023/02/13,,,read,,,,1,0
33574273,"A Wrinkle in Time (Time Quintet, #1)",Madeleine L'Engle,"L'Engle, Madeleine",,"=""1250153271""","=""9781250153272""",3.0,Square Fish,Paperback,218,2017,1962,2023/02/12,2023/02/12,,,read,,,,1,0
17645,The Penelopiad,Margaret Atwood,"Atwood, Margaret",,"=""1841957178""","=""9781841957173""",3.0,Canongate U.S.,Hardcover,198,2005,2005,2023/02/01,2023/02/01,,,read,,,,1,0
11693,The White Castle,Orhan Pamuk,"Pamuk, Orhan",Victoria Rowe Holbrook,"=""0571164668""","=""9780571164660""",3.0,Faber & Faber,Paperback,176,2000,1985,2023/01/30,2023/01/04,,,read,"_The White Castle_<br/><br/>Translated from the Turkish by Victoria Holbrook, the book is Orhan Pamuk’s exploration on identity. Set in the 17th century, two men find themselves sharing facial similarity. A young Italian explorer is taken as slave by a Turkish court scholar who looks like his double. <br/><br/>They  begin by exchanging ideas on science, medicine and astronomy. But as years progress their identities blur, each taking on aspects of the other’s persona. <br/>Orhan Pamuk writes a short treatise where he asks, given knowledge about each others intricate details in life, can you exchange your life with another ? <br/><br/>There are events described like that of the onset of Plague and how the two scholars deal with it and the subtle fears of a man who worries if he is losing his identity, that are remarkable to read. But on the whole, it reads more like a monotonic memoir of the protagonist. It raises interesting questions which if you think too much is bound to give you a head ache and precisely for that reason, it was an illuminating read albeit a little dry writing. <br/>",,,1,0
7667,Airframe,Michael Crichton,"Crichton, Michael",,"=""0099556316""","=""9780099556312""",4.0,Arrow Books,Paperback,431,2006,1996,2023/01/29,2022/08/25,,,read,"_Airframe_<br/><br/>Airframe details an investigation by an aircraft manufacturing industry Norton, after a mid-air plane disaster  that killed three passengers and injured 56 others.<br/><br/>It was weak as a thriller, but as an aviation investigation with deep scientific and technical introduction to aircraft manufacturing and maintenance the book is wonderful. It is a typical Crichton book involving a surprisingly complex subject and detailing it in an engaging way for readers. Additionally, he also explores media exploitations and their way of going for ‘sensational’ news rather than true details. The book has a good reflection of  media landscape illustrating TV anchors quoting out of context and presenting only half the information leading to a seriously biased view of any incident.  It is a good example of how difficult it can be to explain complex technical works while the media meticulously refuses to engage in understanding with their interest solely focused on driving the interviewee to an already established ‘sensational’ news angle. <br/><br/>If you are into learning about aviation industry, then this book is for you. If you are looking for action packed thriller, then this is definitely not that despite the misleading synopsis which is simply tip of the iceberg. <br/><br/>Michael Crichton has never disappointed me. Once again I enjoyed the scientific rigour and the many questions he raises. ",,,1,0
8439160,Parva,S.L. Bhyrappa,"Bhyrappa, S.L.",K. Raghavendra Rao,"=""0948724455""","=""9780948724459""",0,Sahitya Akademi,Hardcover,950,2009,1979,,2023/01/15,to-read,to-read (#27),to-read,,,,0,0
12781,The Satanic Verses,Salman Rushdie,"Rushdie, Salman",,"=""0312270828""","=""9780312270827""",5.0,Picador,Paperback,561,1997,1988,2023/01/14,2022/08/13,,,read,"_The Satanic Verses_<br/><br/>“The fact of being alive compensated for what life did to one” #salmanrushdie <br/><br/>Rushdie once again weaves magic with his words. The book is highly imaginative multi-layered tale seeped in magical realism which is typical of Rushdie’s style. <br/><br/>Particularly in this book, the exposition of various ideas is much like rolling a dice. There is nationalism, immigrant identity, ideas of good and evil, perspectives on blind faith and so much more. <br/><br/>Rushdie paints a unique portrait where perhaps world view and social constructs are as much a part of our individual identity.  Sometimes some elements are part of our identity simply because we aim to resist it and the resistance becomes our sense of self. If we were not resisting ideas which we believe need a reform, what sort of idea would we be ? <br/><br/>The story follows an Indian actor Gibreel and a London based voice-over artist Chamcha. The story begins when the protagonists find themselves transformed to the images of an Angel  and a Satan respectively. Their metamorphosis reflects their inner struggles. Chamcha has always struggled to integrate as an immigrant in London where they refuse to accept him despite him vehemently shedding his Indianness. While Gibreel, basked in his glory as an actor does not comprehend his deteriorating mental health stemming from his narcissistic tendencies.<br/><br/>Through their transformations and subsequent narratives modelled in the form of dream sequences and real-time incidents, Rushdie writes magic.",,,1,0
14567602,The Lion and the Puppy: And Other Stories for Children,Leo Tolstoy,"Tolstoy, Leo","Claus Sievert, James Riordan","=""1616084847""","=""9781616084844""",3.0,Sky Pony,Hardcover,76,2012,2011,,2022/12/24,,,read,"_The Lion and the Puppy_<br/><br/>Little known stories written by Leo Tolstoy for the children in Tolstoy's school in the village.<br/><br/>They are very interesting in that it stands in contrast to the typical children’s books you come across. These are not simple moral stories with happy endings. In fact there were very few with what you might call as happy endings and ideal closures. <br/>The stories  reflect a sense of melancholy expounding that sometimes inexplicably sad things may happen in life but sort of also elegantly paints that life may be bigger than all of them and still worth moving ahead. <br/><br/>While it may be difficult to expound the stories to children, I feel it opens up excellent discussions and questions rather than the typical spoon feeding of black and white morals. ",,,1,0
72579,Alias Grace,Margaret Atwood,"Atwood, Margaret",,"=""0385475713""","=""9780385475716""",4.0,Doubleday Nan A. Talese,Hardcover,468,1996,1996,,2022/11/01,,,read,"_Alias Grace_<br/><br/>“If we were all on trial for our thoughts, we would all be hanged.” #margaretatwood <br/><br/>In 1843, 16 year old Grace Marks with fellow servant James McDermott was convicted for her involvement in the murders of her employer Thomas Kinnear and housekeeper Nancy. <br/><br/> Grace was sentenced to life imprisonment and McDermott was hanged. The plot is based on a real Canadian murder case. <br/><br/>This is all the facts we have and the rest of the book is a question of Grace’s guilt or innocence. The plot is permeated by the class distinctions and immigrant migration of 19th century. Atwood writes devastating accounts of poverty, starvation and the powerlessness of being a woman on top of that. <br/><br/>It’s not a conventional true crime thriller. It’s more than that. Alias Grace is less about finding the truth about the murders and more about unlayering the mild mannered Grace and her life told by numerous voices including her own, Dr Jordan, news paper cuttings, other letters and articles of the time. The result is a stunning portrait of Grace Marks marked by her life as a poor Irish immigrant in the 19 century. <br/><br/>Contrary to a fast paced murder mystery, the book is slower and colder and was a more satisfactory read according to me.<br/>",,,1,0
58703758,Tomb of Sand,Geetanjali Shree,"Shree, Geetanjali",Daisy Rockwell,"=""""","=""""",3.0,Tilted Axis Press,Paperback,739,2021,2018,,2022/12/06,,,read,"_Tomb of Sand_<br/><br/>Tomb of Sand is Daisy Rockwell's translation of Geetanjali Shree's 2018 novel रेत समाधि (Ret Samadhi). The first Hindi translated work to win a booker prize, it follows the matriarch of a family ‘Ma’ from her depression after her husband’s death to her life thereafter: moving in with her daughter (‘Beti’) from elder son’s (‘Bade’) house and her friendship with Rosie: a transgender person. As they say in the book “At eighty, Ma had turned selfish.”<br/><br/>A deeply layered book, the translation is a job well done. There are Urdu, Hindi, Punjabi and Sanskrit references to poetry, songs, literature and movies that are kept as such. The book rightly captures the polyphonous Indian family where no language is spoken un-adulterated. Spoken Hindi is peppered with English words. Such linguistic hybridity is difficult to capture in writing. You can feel the Hindi peeking at you behind the English translation. But as Daisy rightly says, if the English feels as if it’s thinly veiling the Hindi phrases to you as a Hindi speaker, then you could simply read the original.<br/><br/>The book goes at a very slow pace like meandering rambles of a family. In a way the writing is remarkable and unconventional. She writes as if there is no boundary, as if there is no hurry. ‘Ma’ can take as long as she likes to reveal her ways to us. It’s as if the book is asking us to take a break if we want to, but the protagonist ‘Ma’ won’t. You are welcome to walk with her or if you are annoyed you are most welcome to wait while Ma does her things. <br/>That kind of a feel as if ‘Ma’ is challenging you is felt throughout the book and to me felt like a refreshing device to invite the reader to the protagonist’s life although reading a work driven by language and not plot  can be quite challenging. <br/><br/>The mother-daughter relationship is beautifully captured and Gitanjali Shree has wonderfully brought out the small Indian family dynamics. By referring to characters as nouns and not names, she brings to life the roles of people in that household, the layers hiding beneath each roles, in effect giving a sensory experience of an Indian life.<br/><br/>It was certainly not a breezy beach read for me as was described by booker prize judges. The book does not blow you away, but it evokes nostalgia and candid introspection.",,,1,0
13642,A Wizard of Earthsea,Ursula K. Le Guin,"Guin, Ursula K. Le",,"=""""","=""""",0,,Paperback,183,2004,1968,,2022/12/06,to-read,to-read (#26),to-read,,,,0,0
117833,The Master and Margarita,Mikhail Bulgakov,"Bulgakov, Mikhail","Diana Lewis Burgin, Katherine Tiernan O'Connor, Ellendea Proffer, Hans Fronius, Михаил Булгаков","=""0679760806""","=""9780679760801""",0,Vintage International,Paperback,372,1996,1967,,2022/12/06,to-read,to-read (#25),to-read,,,,0,0
58782889,The Last Queen,Chitra Banerjee Divakaruni,"Divakaruni, Chitra Banerjee",,"=""0063161877""","=""9780063161870""",0,William Morrow Paperbacks,Paperback,384,2022,2021,,2022/12/06,to-read,to-read (#24),to-read,,,,0,0
16363,"Appointment with Death (Hercule Poirot, #19)",Agatha Christie,"Christie, Agatha",,"=""0007119356""","=""9780007119356""",0,HarperCollins,Paperback,303,2008,1938,,2022/11/23,to-read,to-read (#23),to-read,,,,0,0
16297,"Cards on the Table (Hercule Poirot, #15)",Agatha Christie,"Christie, Agatha",,"=""0425205959""","=""9780425205952""",0,Berkley,Mass Market Paperback,324,2005,1936,,2022/11/23,to-read,to-read (#22),to-read,,,,0,0
16322,"The A.B.C. Murders (Hercule Poirot, #13)",Agatha Christie,"Christie, Agatha",,"=""1579126243""","=""9781579126247""",0,Black Dog & Leventhal Pub,Hardcover,207,2006,1936,,2022/11/23,,,read,,,,1,0
16326,"Death in the Clouds (Hercule Poirot, #12)",Agatha Christie,"Christie, Agatha",Hugh Fraser,"=""000711933X""","=""9780007119332""",0,HarperCollins,Paperback,336,2001,1935,,2022/11/23,to-read,to-read (#21),to-read,,,,0,0
853510,"Murder on the Orient Express (Hercule Poirot, #10)",Agatha Christie,"Christie, Agatha",,"=""0007119313""","=""9780007119318""",0,HarperCollins,Paperback,347,2007,1934,,2022/11/23,,,read,,,,1,0
16352,"Black Coffee (Hercule Poirot, #7.5)",Charles  Osborne,"Osborne, Charles",Agatha Christie,"=""0312970072""","=""9780312970079""",0,St. Martin's Paperbacks,Mass Market Paperback,184,1999,1998,,2022/11/23,to-read,to-read (#20),to-read,,,,0,0
16328,"The Murder of Roger Ackroyd (Hercule Poirot, #4)",Agatha Christie,"Christie, Agatha",,"=""1579126278""","=""9781579126278""",5.0,Black Dog & Leventhal Pub,Hardcover,288,2006,1926,,2022/11/23,,,read,,,,1,0
16344,"Dumb Witness (Hercule Poirot, #17)",Agatha Christie,"Christie, Agatha",,"=""0007120796""","=""9780007120796""",5.0,HarperCollins,Paperback,317,2002,1937,,2022/11/23,,,read,,,,1,0
14082,Malgudi Days,R.K. Narayan,"Narayan, R.K.",Jhumpa Lahiri,"=""0143039652""","=""9780143039655""",4.0,Penguin Classics,Paperback,288,2006,1943,,2022/08/19,,,read,,,,1,0
697202,The Jungle Book (Everyman's Library CHILDREN'S CLASSICS),Rudyard Kipling,"Kipling, Rudyard",Kurt Wiese,"=""1857159322""","=""9781857159325""",3.0,Alfred A. Knopf,Hardcover,222,1994,1894,,2022/08/19,,,read,,,,1,0
19243883,Neanderthal Man: In Search of Lost Genomes,Svante Pääbo,"Pääbo, Svante",,"=""0465020836""","=""9780465020836""",5.0,Basic Books,Hardcover,288,2014,2014,,2022/10/03,,,read,"_Neanderthal Man_<br/><br/>“Where do we humans come from, and how are we related to extinct hominins? “<br/>Svante Paabo was awarded the  2022 Nobel Prize in Medicine for his discoveries concerning genomes of Neanderthal and human evolution. A scientific book written by Paabo himself in part memoir style explains his life’s work starting from his graduate student days in 1980s. <br/><br/>Paabo introduces us to biological and technical details about extracting genomes from ancient bones, about Neanderthals, their relationship and contributions to modern humans and much more.  Most importantly he discovered the flow of genes from extinct archaic humans like Neanderthals to present-day humans and it’s physiological relevance today.<br/><br/>Reading it is like listening to Paabo speak to you over dinner, taking us in his decades long journey as a researcher. <br/>Paabo writes unabashedly of what it is to be a PhD student, a post-grad, supervisor/project lead and mentor to his students.<br/>Paabo walks you through life in the lab: the Friday meetings, the publication process, starting and ending collaborations, acquiring funding and life in general as a researcher. <br/><br/>Having chosen research as a career myself, it was wonderful to hear Paabo talk about his research, the sheer commitment that goes into it, pure joy of discovery and ofcourse the equally terrifying sinking feeling when things don’t open up to you.<br/><br/>If you want to know about human evolution and what life as a researcher involves on an everyday basis, then this book is riveting. <br/>",,,1,0
7842814,Krishnakanta's Will,Bankim Chandra Chattopadhyay,"Chattopadhyay, Bankim Chandra",J.C. Ghosh,"=""""","=""""",4.0,New Directions,Paperback,172,1962,1878,,2022/10/28,,,read,"_Krishnakanta’s Will_<br/><br/>Bankim Chandra Chatterjee was one of the most important novelist of 19th century India and the composer of ‘Vande Mataram’, the national song of India. Published in 1878, the book was originally written in Bengali and translated to English by J.C Ghosh.<br/><br/>While it’s a typical story of family drama involving forged wills and extra marital affairs set in the background of social conventions of that time, it paints a vivid picture of 19th century social practices of India, particularly Bengal, which at that period was undergoing social reforms in the form of liberalization of the strict orthodoxy of the Hindu elite. In particular the book is written in the context of liberalisations in Hindu widow remarriages. <br/><br/>Contrary to popular opinion, I did not feel that the author was taking the side of characters who went against accepted social morals, rather I thought the whole work is simply an exposition of the then accepted social morals. Bankim Chandra Chatterjee does not go for a detailed fleshing out of the characters, further cementing the idea that the book is very simply an overview of what life was like for an elite Hindu Woman in 19th century Bengal. <br/><br/>The book is not a work that may thrill the readers of today, nevertheless I found it very illuminating. ",,,1,0
11708,In Light of India,Octavio Paz,"Paz, Octavio",Eliot Weinberger,"=""0156005786""","=""9780156005784""",4.0,Harcourt Brace & Company,Paperback,224,1998,1995,,2022/10/03,,,read,"_In Light Of India_<br/><br/>In Light of India is the Mexican poet and the 1990 Nobel Prize laureate, Octavio Paz’s ‘reflections, impressions and objections that India provoked in him’ during his stay as Mexico’s Ambassador to India in the years following India’s independence. Originally written in Spanish, it was translated to English by #eliotweinberger.<br/><br/>Paz’s writing is elegant, lyrical and intimate. He ruminates deeply about India’s religious identities, Sanskrit poetry, art, paintings, philosophy, the birth of the idea of India as a Nation, Gandhi, Nehru, Savarkar, the difference in their ideologies and their visions of India as a nation. He further talks about the ideological beginning of Hindu Nationalist Movements, its doctrines and the subsequent birth of Bharatiya Janata Party. <br/><br/>“…Its idea of Indian culture is religious; its vision of the Hindu religion entails its transformation into a political belief. The conversion of a culture into a religion ends with the conversion of a religion into politics.<br/>…. That is, a political corruption of religion. In the Islamic tradition this confusion has been recurrent and one of the negative aspects of the history of Arab civilisation”<br/><br/>His reflections and insights on the Indian scriptures, Bhagavat-Gita, caste system and the centuries long coexistence of Islam and Hinduism in India are thought-provoking. He also explores similarities and differences between Mexico and India in terms of their culture, cuisine, shared history of colonisation and its profound influence on their identities. <br/>Interestingly, he also ruminates on the concept of Time as seen by the various religions of India and contribution of such synthesis of Time to India’s Identity.<br/><br/>Paz writes passionately, like a man in love. A short wonderful read for anyone interested to explore the abstract boundaries of India.  <br/><br/>",,,1,0
17573681,Spillover: Animal Infections and the Next Human Pandemic,David Quammen,"Quammen, David",,"=""0393346617""","=""9780393346619""",0,W. W. Norton & Company,Paperback,592,2013,2012,,2022/10/03,to-read,to-read (#19),to-read,,,,0,0
73901,Self and Sovereignty,Ayesha Jalal,"Jalal, Ayesha",,"=""0415220785""","=""9780415220781""",0,Routledge,Paperback,656,2000,2000,,2022/10/03,to-read,to-read (#18),to-read,,,,0,0
13490664,episodes in the life of akbar,Shreen Moosvi,"Moosvi, Shreen",,"=""8123709374""","=""9788123709376""",0,National Book Trust,Paperback,133,2005,2005,,2022/10/03,to-read,to-read (#17),to-read,,,,0,0
10310,"The Argumentative Indian: Writings on Indian History, Culture and Identity",Amartya Sen,"Sen, Amartya",,"=""031242602X""","=""9780312426026""",5.0,Picador,Paperback,409,2006,2005,,2022/08/19,,,read,"_The Argumentative Indian_<br/><br/>“While we cannot live without history, we cannot live within it either” #Amartyasen <br/><br/>Through a collection of well connected essays, the economist and  Nobel laureate celebrates the long history of argumentative and reasoning tradition in India which  formed the root of our democracy. <br/><br/>Dr. Sen looks back to this tradition and celebration of heterodoxy  in India from Emperor Ashoka to Mughal Emperor Akbar and their state sponsored reasoning based approach inviting all religion and even atheistic groups to arrive at a solution backed by reason rather than blind faith. <br/>Dr. Sen also illustrates this practice in modern day using relationship of Mahatma Gandhi and Rabindranath Tagore who despite contradictory viewpoints of nationalism, patriotism and many more shared a deep respect for each other. <br/><br/>He devotes chapters to explain the unique concept and nature of secularism, what it means to be secular in India and how the constitution and the institutions work to implement the same. He goes on to warn about the Hindutva Nationalist movements, it’s repercussions and how such intolerant ideologies threaten India’s pluralism and secularism. <br/><br/>Dr. Sen also devotes chapters to statistically backed discussions on gender, caste and economic inequality, it’s interrelationships and the power of education. He concludes with a very interesting discussion of identity and his views on a choice based identity rather than identity as a discovery. As he rightly says ‘the identity of an individual is essentially a function of their choices, rather than the discovery of an immutable attribute’. <br/><br/>Unlike contemporary books on India, Amartya Sen’s book is a scholarly book with excellent references, citations and footnotes making it open for any reader to verify, contemplate and introspect his ideas, his visions and his notes on history. <br/><br/>It is a book that does not trivialise India’s pluralism but goes on to illustrate the complexity behind it. A book I’m sure to read again and again in my lifetime",,,1,0
33985637,Ponniyin Selvan (#1) [Ponniyin Selvan - The New Tide],Kalki Krishnamurthy,"Krishnamurthy, Kalki",Varalotti Rengasamy,"=""""","=""""",5.0,Kavitha Publication,Hardcover,400,2016,1954,,2022/09/21,,,read,,,,1,0
6610623,The Idea of Justice,Amartya Sen,"Sen, Amartya",,"=""0674036131""","=""9780674036130""",0,Belknap,Hardcover,496,2009,2009,,2022/09/28,to-read,to-read (#16),to-read,,,,0,0
51745971,Akbar: The Great Mughal,Ira Mukhoty,"Mukhoty, Ira",,"=""9389836042""","=""9789389836042""",0,Aleph Book Company,Hardcover,624,2020,2020,,2022/09/28,to-read,to-read (#15),to-read,,,,0,0
4497182,"The Indian Epics Retold: The Ramayana, The Mahabharata, Gods Demons and Others",R.K. Narayan,"Narayan, R.K.",,"=""0140255648""","=""9780140255645""",0,Penguin Books,Paperback,630,2000,1995,,2022/09/28,to-read,to-read (#14),to-read,,,,0,0
54860229,"The Mirror & the Light (Thomas Cromwell, #3)",Hilary Mantel,"Mantel, Hilary",,"=""1250182492""","=""9781250182494""",0,Holt Paperbacks,Paperback,759,2021,2020,,2022/09/23,to-read,to-read (#13),to-read,,,,0,0
78433,The Blind Assassin,Margaret Atwood,"Atwood, Margaret",,"=""""","=""""",4.0,Virago Press Ltd,Paperback,641,2001,2000,,2022/09/17,,,read,"_The Blind Assassin_<br/><br/>“If you knew what was going to happen, if you knew everything that was going to happen next—if you knew in advance the consequences of your own actions—you'd be doomed. You'd be ruined as God. You'd be a stone. You'd never eat or drink or laugh or get out of bed in the morning. You'd never love anyone, ever again. You'd never dare to..” #margaretatwood <br/><br/>A booker prize winning book by #margaretatwood,  #theblindassassin is a complex story of two siblings belonging to a once rich Chase family set in 20th century Canada during the world war times. <br/><br/>The narrative is complex. It uses more than an unreliable protagonist to move the story forward. Iris begins the story with the compelling  sentence, “10 days after the war ended, my sister Laura drove off a car of the bridge”. <br/><br/>In addition to Iris’s writings, we are provided with news paper articles and letters relating to the Chase Family to objectively look at the incidents. Also the narrative is interspersed with extracts from a novel (a novel within a novel) about a conservative rich woman and a man on the run, in a risky affair telling sci-fi stories to each other during their clandestine meet-ups, seemingly written by Laura Chase and published posthumously by her sister and protagonist Iris Chase. <br/><br/>All these narrative strands meet up to give a satisfying if not an altogether surprising end to the history of Chase Family. <br/>Iris’s account do occasionally begin to get tedious, but it is a reflection of Iris’s character. Her wry observations remind us that it’s not a simple memoir as you would expect, but a much more complex attempt to redeem her past and offer a remorseless testament to her sister and what remains of her family. <br/><br/>Blind Assassin is not a quick read and may frustrate readers to move with Iris chase as she battles old age and rambles on about her life and of her sister’s.  I found it a multi-layered and complex read much like Ishiguro’s ‘Remains of the Day’ minus the melancholic revelation. Iris is more blunt and accepting of her life choices than Steven. <br/>",,,1,0
40495148,Blindness,José Saramago,"Saramago, José",Giovanni Pontiero,"=""""","=""""",3.0,Mariner Books,Kindle Edition,349,2013,1995,,2022/08/29,,,read,"_Blindness_<br/><br/>“This is the stuff we're made of, half indifference, half malice “ #josesaramago<br/><br/>Blindness is an unsettling book by Portuguese writer Josè Saramago who won the Nobel prize of literature in 1998. <br/><br/>A philosophical speculative fiction involving a mysterious blindness epidemic where people suddenly go blind and the blindness spreads. The government panics and rounds up all the blind people to put them in unsupervised, under-provisioned quarantine.  Saramago writes about how loss of just one sense causes people to live in unimaginable filth and nauseating atmosphere, a city reduced to savagery.<br/><br/>Translated from Portuguese by Giovanni Pontiero, the plot line felt like Philip Zimbarbo’s Stanford Prison experiment stretched to a ‘what if’ scenario with excruciating details. <br/><br/>The writing is without any nouns or punctuations and involves unparagraphed dialogues making it a difficult and slow read. The writing perhaps conveys<br/>confusion in which a world of blind<br/>people may exist causing us to be equally frustrated and helpless as a reader. It was impossible to read it as a third person. Every time you open the book you are one of the blind and Saramago makes you feel claustrophobic and disturbed. All the more reason why the book has to be closed down every now and then. <br/><br/>It is doubtless an excellent work but reading it was a challenge both in prose and content. Numerous times I wanted to put down the book but I suppose it has to be read slowly and in intervals.  It is a memorable book but not one I would want to read again or recommend without inhibitions.",,,1,0
51542370,Pew,Catherine Lacey,"Lacey, Catherine",,"=""0374230927""","=""9780374230920""",0,"Farrar, Straus and Giroux",Hardcover,224,2020,2020,,2022/09/06,to-read,to-read (#12),to-read,,,,0,0
54120408,Klara and the Sun,Kazuo Ishiguro,"Ishiguro, Kazuo",,"=""059331817X""","=""9780593318171""",3.0,Alfred A. Knopf,Hardcover,303,2021,2021,,2022/09/03,,,read,"_Klara and the Sun_<br/><br/>“Until recently, I didn’t think that humans could choose<br/>loneliness. That there were sometimes forces more powerful than the wish to avoid loneliness.” #kazuoishiguro <br/><br/>A dystopian speculative fiction, Ishiguro introduces us to Klara, an AF (Artificial Friend) bought by a family for their teenage daughter Josie. They are lonely because in Josie’s world, kids don’t go to school but study at home through screen tutors. Typical of his style, there are only subtle hints to the shape of future the story is set in, leaving the details to the imagination of  reader. <br/><br/>We are shown the near future through the observations of Klara. From the bits we are shown through Klara, it is understood that privileged people choose to genetically modify their children or to have them ‘lifted’ to provide better life prospects in a deeply meritocratic society. But ‘lifting’ has its risks, sometimes causing unnamed illnesses that lead to death. What we encounter is a society at the edge of transition, thus causing deep divides  in search for perfection in progeny  and discrimination among ‘lifted’ and ‘un-lifted’<br/><br/>The Ishiguro artistic perfection is less here compared to his ‘Remains of the Day’ or ‘Never Let Me Go’. No moment struck my chord like when Stevens reflects on his memories in  ‘Remains of the Day’. Perhaps it is meant to be that way as a subtle reminder to Klara’s machine-ness.  Klara’s empathy and spirituality does not persuade us of her humanness but makes you reflect  if humans acquire feelings similarly as her. As Klara says, “I believe I have many feelings,”. “The more I observe, the more feelings become available to me.”<br/><br/>Though not Ishiguro’s best work, it was an elonquent  read with a fresh look at the fragility of humanity. ",,,1,0
236093,"The Wonderful Wizard of Oz (Oz, #1)",L. Frank Baum,"Baum, L. Frank",W.W. Denslow,"=""0140621679""","=""9780140621679""",3.0,Penguin,Paperback,154,1995,1900,,2022/08/30,,,read,,,,1,0
144974,The Velveteen Rabbit,Margery Williams Bianco,"Bianco, Margery Williams",William   Nicholson,"=""0380002558""","=""9780380002559""",4.0,Avon,Paperback,40,1987,1922,,2022/08/30,,,read,,,,1,0
40940121,Bridge to Terabithia,Katherine Paterson,"Paterson, Katherine",,"=""""","=""""",0,HarperCollins,Kindle Edition,190,2009,1977,,2022/08/30,to-read,to-read (#11),to-read,,,,0,0
386162,"The Hitchhiker’s Guide to the Galaxy (The Hitchhiker's Guide to the Galaxy, #1)",Douglas Adams,"Adams, Douglas",,"=""""","=""""",4.0,Del Rey,Paperback,193,2007,1979,,2022/08/30,,,read,,,,1,0
201084,"The Fellowship of the Ring (BBC Dramatization of The Lord of the Rings, #1)",Brian Sibley,"Sibley, Brian","Michael Bakewell, J.R.R. Tolkien, Ian Holm, Michael Hordern, Bill Nighy","=""0807207276""","=""9780807207277""",4.0,Listening Library,Audio Cassette,200,2001,1981,,2022/08/30,,,read,,,,1,0
38447,"The Handmaid’s Tale (The Handmaid's Tale, #1)",Margaret Atwood,"Atwood, Margaret",,"=""038549081X""","=""9780385490818""",4.0,Anchor Books,Paperback,311,1998,1985,,2021/08/11,,,read,"<br/>_The Handmaid’s Tale_<br/><br/>“Maybe it isn't really about who can own whom, who can do what to whom and get away with it, even as far as death. Maybe it isn't about who can sit and who has to kneel or stand or lie down, legs spread open. Maybe it's about who can do what to whom and be forgiven for it. Never tell me it amounts to the same thing” #handmaidstale <br/><br/>#margaretatwood describes a dystopian  United States which has been transformed via a military coup to a totalitarian theocracy ‘Republic of Gilead’. In this society, roles of woman are reduced to those assigned from their interpretation of Old Testament. Banned from reading and writing, owning property or handling finances, a woman is to only be an empty vessel whose social status elevates only if they successfully create a progeny for the man. <br/><br/>In the social hierarchy women can only be the Wives, domestic helps (the Marthas), sex workers (the Jezebels), female Teachers/guards (the Aunts) who ‘train’ young girls for their roles to be performed, wombs (the Handmaids), or, if they are unsuited for any of these roles, Unwomen who are sent off to be labourers either assigned to farms if lucky or to clean out radioactive waste if they aren't.<br/><br/>Of these, the protagonist Offred is a Handmaid, they being a communal property moved from house to house to be inseminated by men of power under the supervision of their wives.<br/><br/>Unlike other #dystopianfiction, we do not directly plunge into the conditions of society. A unique element here is how the protagonist’s constant reminiscing offers the reader a look at how the regime change came to be. The steps, the protests and before you know it, you are hunted for being an ‘Unwoman’. <br/><br/>The book is written as a transcript of personal recordings by Offred collected by historians during what later came to be knows as the ‘Gilead Era’. So while it’s short and mostly easy to read, the structure and lack of any indication when the protagonist shifts from past to present may sometimes slow your progress. I found the book very engaging and as a  warning to what future may hold.",,,1,0
7679,The Terminal Man,Michael Crichton,"Crichton, Michael",,"=""0060092572""","=""9780060092573""",0,Avon,Mass Market Paperback,268,2002,1972,,2022/08/25,to-read,to-read (#10),to-read,,,,0,0
7672,Congo,Michael Crichton,"Crichton, Michael",,"=""0060541830""","=""9780060541835""",4.0,Avon,Mass Market Paperback,442,2003,1980,,2022/08/25,,,read,,,,1,0
7669,Timeline,Michael Crichton,"Crichton, Michael",,"=""0099244721""","=""9780099244721""",0,Arrow Books,Mass Market Paperback,489,2000,1999,,2022/08/25,to-read,to-read (#9),to-read,,,,0,0
455373,Sphere,Michael Crichton,"Crichton, Michael",,"=""""","=""""",0,Ballantine Books,Paperback,371,1997,1987,,2022/08/25,to-read,to-read (#8),to-read,,,,0,0
7670,"The Andromeda Strain (Andromeda, #1)",Michael Crichton,"Crichton, Michael",,"=""0060541814""","=""9780060541811""",4.0,Avon,Mass Market Paperback,327,2003,1969,,2022/08/25,,,read,"_The Andromeda Strain_<br/><br/>“scientific research was much like prospecting: you went out and you hunted, armed with your maps and your instruments, but in the end your preparations did not matter, or even your intuition. You needed your luck, and whatever benefits accrued to the diligent, through sheer, grinding hard work.” #michaelcrichton <br/><br/>Michael Crichton’s ‘Jurassic Park’ series, ‘Congo’ and ‘Micro’ were my first introductions to sci-fi 14 years ago. His books are always scientifically compelling, fast paced and  thrilling. Andromeda Strain is once again a well executed and detail oriented science fiction. <br/><br/>A man made-satellite crash lands in a desolate area of Arizona. The team deployed to recover the satellite loses contact abruptly. An aerial view witnesses all the inhabitants littered around few miles of crash site presumably dead except for an old man and a baby.<br/><br/>The satellite suspected to carry an unidentified dangerous contaminant leads the project team to quickly activate ‘Wildfire’ a protocol that brings in 5 biologists/scientists to isolate, study, characterise and contain threats of this nature. <br/><br/>The 1969 book is written like a documentary. We see the steps taken to characterise the microorganism. The discussions thereafter and the next steps taken are research  oriented and scientifically detailed. Despite that it is well written and although an unpopular opinion, I thought the ending was well done. It felt like a logical conclusion to the train of technical discussions. <br/><br/>PS: At this point, biological super spreader events do not feel like fiction. <br/>",,,1,0
67100,The Calcutta Chromosome,Amitav Ghosh,"Ghosh, Amitav",,"=""0380813947""","=""9780380813940""",4.0,Harper Perennial,Paperback,320,2001,1996,,2022/08/20,,,read,"_The Calcutta Chromosome_<br/><br/>Amitav Ghosh’s  book is a speculative sci-fi based on the life of Ronald Ross, whose breakthrough research on malaria in 1989 won him the Nobel Prize. <br/><br/>Starting from investigating the discrepancies in Ross’s malaria research, the steps of Ross' discovery are shown as remarkably fortuitous, and this is where the author focuses his attention.  Ghosh attempts to recreate the story of Ross’s discovery of the malarial parasite. Apart from the fact that Ross discovered the malarial parasite on 20th August, 1897; all the other events in the book are fabricated by the author which won him the Arthur C Clarke Award in 1997. <br/><br/>Amitav Ghosh introduces some clever ideas filling in these discrepancies with what he terms as an ongoing secret non-traditional research on Calcutta chromosome, an unusual chromosome that may not be isolated or detected by conventional techniques. The author speculates that such a chromosome may be developed from a process of recombination which is particular to every individual and is perhaps responsible for individual traits. It cannot not be transferred from one generation to another. It is only present in the non regenerative tissue, in other words; the brain and perhaps can be transmitted through malaria creating a potential of transferring individual traits from one host to another. <br/><br/>While I enjoyed the discussions on the interesting possibilities of human consciousness transferability, the book ends open ended and is left to the readers’ interpretation. That and the confusing multi-timeline writing style may not be to everybody’s taste. ",,,1,0
4835,"Haroun and the Sea of Stories (Khalifa Brothers, #1)",Salman Rushdie,"Rushdie, Salman",Paul Birkbeck,"=""0670886580""","=""9780670886586""",0,Viking Children's Books,Hardcover,224,1999,1990,,2022/08/19,to-read,to-read (#7),to-read,,,,0,0
9865,The Moor's Last Sigh,Salman Rushdie,"Rushdie, Salman",,"=""009959241X""","=""9780099592419""",0,Vintage,Paperback,434,1996,1995,,2022/08/19,to-read,to-read (#6),to-read,,,,0,0
4830,Shalimar the Clown,Salman Rushdie,"Rushdie, Salman",,"=""0679783482""","=""9780679783480""",0,Random House Trade Paperbacks,Paperback,398,2006,2005,,2022/08/16,to-read,to-read (#5),to-read,,,,0,0
31455657,The Assassination of Rajiv Gandhi,Neena Gopal,"Gopal, Neena",,"=""0670088706""","=""9780670088706""",4.0,Penguin Random House India,Hardcover,240,2016,,,2022/07/01,,,read,"_The Assassination Of Rajiv Gandhi_ <br/><br/>On 21st May, 1991, Neena Gopal was interviewing Rajiv Gandhi during the election rally at Sriperumbudur, Tamil Nadu.  Gandhi’s ‘Z’ security cover had been withdrawn by the V.P. Singh government, and only his lone bodyguard was present with him on the day. Neena Gopal asked him if he feared for his life. <br/><br/>In response, #rajivgandhi asked: “Have you noticed how every time a South Asian leader rises to a position of power or is about to achieve something, he is cut down, attacked, killed...”<br/><br/>Moments later, Rajiv Gandhi was assassinated by a suicide bomber along with 14 others.  #neenagopal became the last journalist to have interviewed Gandhi. In her book, she reconstructs the chain of events that led to this day, from the political climate in India and Sri Lanka, involvement of India in Sri Lankan civil war, removal of ‘Z’ security cover for Gandhi, ignored warnings from intelligence agencies an year back that hinted at a possible attack, the hatching of plan in LTTE headquarters in Sri Lanka and everything that led to the assassination of a wonderful man who was at the brink of a second term as Prime Minister of the largest democracy in the world and whose death became a tremendous loss for India.<br/><br/>Rajiv Gandhi stepping in as the youngest PM of India after the assassination of his mother and then PM Indira Gandhi, was the first step to a paradigm shift in Indian politics. His decision to send Indian Peace Keeping Forces (IPKF) to Sri Lanka to end civil war and help create a state that is inclusive of  Sri lankan Tamils came at the cost of his life.<br/>LTTE leader V. Prabhakaran saw this peace keeping strategy as treachery and an attempt to quash LTTE’s dreams of a separate Tamil state. This led to the harbouring of a deep hatred for Rajiv Gandhi and LTTE saw his rise to a second term as PM as a threat to their existence.<br/><br/>A well paced book with good background work and information provided about 1980’s India and Sri Lanka political climate and it’s repercussions. ",,,1,0
16171259,The Sound of Things Falling,Juan Gabriel Vásquez,"Vásquez, Juan Gabriel",Anne McLean,"=""1594487480""","=""9781594487484""",4.0,Riverhead Books,Hardcover,302,2014,2011,,2022/07/04,,,read,"“Adulthood brings with it the pernicious illusion of control, and perhaps even depends on it. I mean that mirage of dominion over our own life that allows us to feel like adults, for we associate maturity with autonomy, the sovereign right to determine what is going to happen to us next. Disillusion comes sooner or later, but it always comes, it doesn’t miss an appointment, it never has.” #JuanGabrielVásquez<br/><br/>Originally written in Spanish, this Latin American literature was translated to English by Anne Mclean, the work delves into the political landscape of Colombia especially it’s history of drug trafficking. <br/>The protagonist belongs to the generation of people who were raised amidst the war between drug kingpins and government forces of the 1960’s, Bogota, Columbia.<br/>A time when drug lords such as the legendary cocaine king Pablo Escobar (known as the wealthiest criminal in history, single handedly started and ran the drug cartel) ran the country. <br/><br/>In such a time, the protagonist is accidentally shot and his friend murdered by random people. The story follows the protagonist transformation after the event. He lives in the aftermath, unable to move forward and able to relate only with people who were directly affected by the incident.  He spends his time discovering his murdered friend’s life and the way his life too was shaped by his country’s violent history. <br/><br/>The background is beautifully painted. The protagonist perspectives becomes harder to relate to towards the end, perhaps because that kind of a life can only be lived and experienced. Perhaps also because the protagonist is introduced as a boring person and his life after the incident changes too much for such a simple man to handle and perhaps for the reader to relate beyond a point. <br/><br/>I found the part of his murdered friend Ricardo and his family’s stories very consuming. Through these stories, Vasquez confronts the history of his country Colombia in an engaging and well paced writing. ",,,1,0
29056083,"Harry Potter and the Cursed Child: Parts One and Two (Harry Potter, #8)",J.K. Rowling,"Rowling, J.K.","Jack Thorne, John Tiffany","=""0540027340""","=""9780540027347""",3.0,"Little, Brown",Hardcover,343,2016,2016,,2022/06/16,,,read,,,,1,0
667,Anthem,Ayn Rand,"Rand, Ayn",Leonard Peikoff,"=""0452281253""","=""9780452281257""",4.0,NAL,Paperback,105,1999,1938,,2022/06/06,,,read,,,,1,0
12067,"Good Omens: The Nice and Accurate Prophecies of Agnes Nutter, Witch",Terry Pratchett,"Pratchett, Terry",Neil Gaiman,"=""""","=""""",3.0,William Morrow Paperbacks,Mass Market Paperback,491,2006,1990,2022/06/28,2022/06/16,,,read,"Angel Aziraphale and demon Crowley are the earthly representatives of Good and Evil. Over the years, Crowley and Aziraphale have become fond of each other and are also not too keen for the approaching apocalypse. They have acquired a certain taste for earthly life which they find it hard to let go and live what they deem a rather tasteless life in Heaven or Hell. <br/><br/>As the apocalypse approaches 10 years later, they realise that the anti-christ has been misplaced. Instead of sending the baby off with satanic nuns, the baby was accidentally switched to a seemingly boring suburban family. <br/><br/>The first half of the book with Aziraphale, Crowley and their discussions to avert the dooms day were rather good. But the latter part of the book was a dry spell for me. There were lots of characters introduced lacking motive or character arcs and the kid’s interactions were not very engaging. I took a lot more time to read than I anticipated because at some point I lost the motivation and almost decided to leave it unfinished.<br/><br/>The interesting bits about the book is the premise and way they satirically discuss free will, Good, Evil and what indeed was God thinking ?  Perhaps this thread explored is the amusing thing about the book.",,,1,0
662,Atlas Shrugged,Ayn Rand,"Rand, Ayn",Leonard Peikoff,"=""0452011876""","=""9780452011878""",0,Plume,Paperback,1168,1999,1957,,2022/06/06,to-read,to-read (#4),to-read,,,,0,0
320,One Hundred Years of Solitude,Gabriel García Márquez,"Márquez, Gabriel García",Gregory Rabassa,"=""""","=""""",0,Harper,Mass Market Paperback,417,2003,1967,,2022/06/06,to-read,to-read (#3),to-read,,,,0,0
40961427,1984,George Orwell,"Orwell, George",,"=""""","=""""",0,Houghton Mifflin Harcourt,ebook,298,2013,1948,,2022/06/06,to-read,to-read (#2),to-read,,,,0,0
332613,One Flew Over the Cuckoo’s Nest,Ken Kesey,"Kesey, Ken",,"=""""","=""""",0,Signet,Mass Market Paperback,325,1963,1962,,2022/06/06,to-read,to-read (#1),to-read,,,,0,0
52892857,The Color Purple,Alice Walker,"Walker, Alice",,"=""0143135694""","=""9780143135692""",5.0,Penguin Books,Paperback,287,2019,1982,,2022/06/06,,,read,"“I'm pore, I'm black, I may be ugly and can't cook, a voice say to everything listening. But I'm here.” #alicewalker <br/><br/>The color purple is a discovery of the origin of identity and voice when you are taught to have none. <br/><br/>The book is a moving  story about two African-American sisters Celie and Nettie living in the early 20th century America, separated by circumstances. Through a series of letters, first from  Celie to God and then the sisters to each other, we take a journey  from their dark, gritty  invisible youth to their strong, resilient and beautifully content adulthood. <br/><br/>The character development purely through letters is splendidly done and weaves one of the most powerful stories I have read. <br/><br/>PS: “I think it pisses God off if you walk by the color purple in a field somewhere and don't notice it. People think pleasing God is all God cares about. But any fool living in the world can see it always trying to please us back.”",,,1,0
13496,"A Game of Thrones (A Song of Ice and Fire, #1)",George R.R. Martin,"Martin, George R.R.",,"=""0553588486""","=""9780553588484""",5.0,Bantam,Mass Market Paperback,835,2005,1996,,2022/06/06,,,read,,,,1,0
659469,The Hobbit,Chuck Dixon,"Dixon, Chuck","David Wenzel, Sean Deming, J.R.R. Tolkien","=""0345368584""","=""9780345368584""",5.0,Ballantine Books,Paperback,138,1990,2001,,2022/06/06,,,read,,,,1,0
1317181,"Harry Potter and the Order of the Phoenix (Harry Potter, #5, Part 1)",J.K. Rowling,"Rowling, J.K.",,"=""185549664X""","=""9781855496644""",5.0,BBC Audiobooks,Audiobook,412,2003,2003,,2022/06/06,,,read,,,,1,0
8650,"The Lost World (Jurassic Park, #2)",Michael Crichton,"Crichton, Michael",,"=""0752224417""","=""9780752224411""",5.0,"Alfred A. Knopf, Inc.",Mass Market Paperback,448,1995,1995,,2022/06/06,,,read,,,,1,0
40604658,"Jurassic Park (Jurassic Park, #1)",Michael Crichton,"Crichton, Michael",,"=""0307763056""","=""9780307763051""",5.0,Ballantine Books,Kindle Edition,466,2012,1990,2023/03/11,2022/06/06,,,read,,,,1,0
13645110,ന്റുപ്പുപ്പാക്കൊരാനേണ്ടാർന്ന്! [Ntuppuppaakkoraanendaarnnu!],Vaikom Muhammad Basheer,"Basheer, Vaikom Muhammad",,"=""""","=""""",5.0,DC Books,Paperback,130,1990,1951,,2022/06/06,,,read,,,,1,0
33368645,നഷ്ടപ്പെട്ട നീലാംബരി [Nashtapetta Neelambari],Madhavikutty,"Madhavikutty, Madhavikutty",Kamala Suraiyya Das,"=""""","=""""",5.0,DC Books,Kindle Edition,136,2016,1994,,2022/06/06,,,read,,,,1,0
2547,The Prophet,Kahlil Gibran,"Gibran, Kahlil",,"=""000100039X""","=""9780001000391""",5.0,Rupa & Co,Paperback,127,2003,1923,,2022/06/06,,,read,,,,1,0
3869,A Brief History of Time,Stephen W. Hawking,"Hawking, Stephen W.",,"=""0553380168""","=""9780553380163""",5.0,Bantam Books,Paperback,226,1998,1988,,2022/06/06,,,read,,,,1,0
14836,Midnight’s Children,Salman Rushdie,"Rushdie, Salman",,"=""0099578514""","=""9780099578512""",5.0,Vintage,Paperback,647,1995,1981,,2022/06/06,,,read,,,,1,0
318431,Long Walk to Freedom,Nelson Mandela,"Mandela, Nelson",,"=""0316548189""","=""9780316548182""",5.0,Back Bay Books,Paperback,656,1995,1991,,2022/06/06,,,read,,,,1,0
2122,The Fountainhead,Ayn Rand,"Rand, Ayn",Leonard Peikoff,"=""""","=""""",4.0,Signet Book,Mass Market Paperback,704,1996,1943,,2022/06/06,,,read,,,,1,0
95186,The Inheritance of Loss,Kiran Desai,"Desai, Kiran",,"=""0802142818""","=""9780802142818""",4.0,Grove Press,Paperback,357,2005,2005,,2022/06/06,,,read,,,,1,0
1768603,The White Tiger,Aravind Adiga,"Adiga, Aravind",,"=""1416562591""","=""9781416562597""",5.0,Free Press,Hardcover,288,2008,2008,,2022/06/06,,,read,,,,1,0
9777,The God of Small Things,Arundhati Roy,"Roy, Arundhati",,"=""0679457313""","=""9780679457312""",5.0,Random House,Paperback,321,1997,1997,,2022/06/06,,,read,,,,1,0
676723,Obedience to Authority,Stanley Milgram,"Milgram, Stanley",,"=""006131983X""","=""9780061319839""",5.0,Harper Perennial,Paperback,256,1983,1974,,2022/06/06,,,read,,,,1,0
52865629,The Hindu Way: An Introduction to Hinduism,Shashi Tharoor,"Tharoor, Shashi",,"=""9388292855""","=""9789388292856""",4.0,Aleph Book Company,Hardcover,305,2019,,,2022/06/06,,,read,,,,1,0
1774836,The Palace of Illusions,Chitra Banerjee Divakaruni,"Divakaruni, Chitra Banerjee",,"=""0385515995""","=""9780385515993""",4.0,Doubleday,Hardcover,360,2008,2008,,2022/06/06,,,read,"“Because ultimately only the witness and not the actors knows the truth (Vyasa to Draupadi)”<br/><br/>Narrated by Draupadi, the wife of the Pandavas, ‘The Palace Of Illusions’ is the retelling of the epic ‘Mahabharata’ from the point of view of Draupadi. <br/><br/>From her birth, to her lonely childhood with her patriarchal father and beloved brother, to her complicated marriage to 5 husbands, to her cold relationship with her mother-in-law Kunti and of-course her charming friendship with Krishna, the book explores her unconscious feelings that mark her historic presence.<br/><br/>And no, Draupadi was never the pious woman like Gandhari or like the single minded Kunti, but a raw, fierce, haughty, intelligent woman with a scathing tongue who demanded respect and considered herself as equal as her husband’s and probably more. <br/><br/>It is the retelling of the events and most importantly the responses to those events that led to the Great War of Kurukshetra. <br/><br/>The author also takes the liberty to explore the relationship between Karna and Draupadi, which I found fascinating.<br/><br/>Those of you who have not read Mahabharata, the book offers a grandiose glimpse into it and those like me who have read it, loved it, whose entire childhood was sprinkled with stories from Mahabharata and Ramayana, the book offers a unique perspective and gentleness that perhaps only Draupadi can provide. <br/><br/>I forgot how much insightful, thrilling and hauntingly accurate Mahabharata was. I’m forever awed by it’s logical strategies, counselling and depiction of human rawnesses. It was pure pleasure to read and visit the characters again! ",,,1,0
5439,Interpreter of Maladies,Jhumpa Lahiri,"Lahiri, Jhumpa",,"=""0618101365""","=""9780618101368""",4.0,Houghton Mifflin Harcourt,Hardcover,198,2000,1999,,2022/06/06,,,read,"“You got cats at home?""<br/>No cats. Only a husband” #jhumpalahiri <br/><br/>Lahiri’s words effortlessly create the stories that human beings cling on desperately, to give meaning to their lives as circumstances change. Her stories are intimate and real.<br/>All I can do is smile and hope that it conveys all the subtleties that her stories encapsulate. ",,,1,0
18481907,Bhima Lone Warrior,എം.ടി. വാസുദേവന്‍നായര്‍ | M.T.Vasudevan Nair,"Nair, എം.ടി. വാസുദേവന്‍നായര്‍ | M.T.Vasudevan",Gita Krishnankutty,"=""9350297590""","=""9789350297599""",5.0,HarperCollins Publishers,Paperback,373,2013,1984,,2022/06/06,,,read,"_Bhima, The Lone Warrior_<br/><br/>Or tilted ‘Randamoozham’ in original Malayalam version. Written by MT Vasudevan (or M.T. as he is known to us Malayalees) The book is Mahabharata from the eyes of Bhima, the second of the Pandavas. <br/><br/>The translation is wonderfully done and the book is a masterpiece by the Jnanpith winning writer. So much more research and thought has went into it. <br/><br/>As MT says, his work was inspired from the many pregnant pauses in the original epic, motivating him to fill those silences. <br/><br/>He strips the characters of their divinity and presents them as mere mortals of flesh, blood and desires. We have Krishna, the mediator, the counsellor, undivine, human and raw. You love his words and resent his words. You feel the unjustness and justness of it. You feel the human need to win. <br/><br/>MT goes on to strip the divinity of parenthood we have so often read in these stories of Pandavas and says that his research has led him to conclude these as mostly imaginations of the story tellers. <br/><br/>Many acute observations are sharply made by the author making it a wonderful read.  <br/><br/>I can read as many renditions of Mahabharata as possible and never be bored. ",,,1,0
43293099,The Forest of Enchantments,Chitra Banerjee Divakaruni,"Divakaruni, Chitra Banerjee",,"=""9353025982""","=""9789353025984""",3.0,HarperCollins India,Hardcover,372,2019,2019,,2022/06/06,,,read,"“If you want to stand up against wrongdoing, if you want to bring about change, do it in a way that doesn’t bruise a man’s pride. You’ll have a better chance of success.” #chitra<br/><br/>Chitra divakaruni’s book is a retelling of Ramayan from the perspective of Sita. <br/>The Sita here is not portrayed as fierce and outspoken simply for the sake of portraying a strong woman, instead Sita is the Sita we have come to know, ever graceful, ever patient but sharp and resilient, a queen fit to rule a kingdom. <br/><br/>The art of making a home, simple compassion, perseverance, patience and kindness, those  qualities that we consider mundane and largely associate with feminine weakness shows it’s permeance and importance in running and raising a home and a Kingdom. <br/><br/>It is also the story of other misunderstood women in the epic: Koushalya, Kaikeyi, Surpanakha, Mandodari, Sarama, Ahalya etc which makes it an interesting read. <br/><br/>The men in the story are  not to be hated. Over the years we have questioned and hated Ram’s ethics but this retelling gently peels to reveal Ram’s anguish and fear of becoming his father who destroyed the kingdom simply by prioritising his wife. Therefore in his obsessive need to purely satisfy each and every common man, he chooses to sacrifice his wife over and over again. <br/><br/>The book is a simple read with gentle pace. But the writing style is mediocre with poor prose and  certain sections feeling dragged and unkempt. But other periphery characters, their insights and observations make it an overall illuminating read. <br/><br/>PS: I was largely able to ignore the unattractive prose due to my love for Indian epics, probably may test the patience of another reader. ",,,1,0
109727,Where the Rain is Born: Writings About Kerala,Anita Nair,"Nair, Anita",,"=""0143029193""","=""9780143029199""",4.0,Penguin,Paperback,316,2002,2002,,2022/06/06,,,read,"“Nowhere else in the world have I seen so many hues of green. The velvety green of the moss on the wall. The deep green of the hibiscus bush. The dappled green of the jackfruit. The jade green of the paddy leaves. Parakeets wings. Tree frogs. The opaque green of silence.” #anitanair <br/><br/><br/>The book is a collection of short stories and poems with Kerala as it’s backdrop. <br/><br/>Reading it was like sitting on a rainy day in a ‘nadan thattukada’ (local tea-shop) with our hot  ‘chaya’ (tea) having a soft ‘Puttu’ (steam cake?) and ‘Meen curry’ (spicy fish curry) possibly with a sweet ‘cherupazham’ (a variety of banana), (On another note, nowhere else I have seen so many varieties of banana !)<br/>and watching the very many hues of green that spread across your views. <br/><br/>There are stories from evergreen Malayalam writers like MT Vasudevan Nair, OV Vijayan, Thakazhi Sivasankara Pillai and also voices of contemporary writers like Arundhati Roy, Shashi Tharoor etc. <br/>They bring to light both the extremes of this beautiful state, taking apart the nostalgia and attempting to see Kerala for what it truly is holding to contrast the high literacy rate and the stifling conservative attitudes of the average Malayali. <br/><br/>Kerala is my home and monsoon in Kerala is a poetry by itself 🌧.<br/>So if you want to glimpse into the lives of an average Keralite from the past to the present and feel the monsoon and the green and the people, this is the book you want to read. <br/><br/>PS: My favourites were ‘Karkitakam’ by MT Vasudevan, ‘The blue light’ by Vaikom Muhammad Basheer and ‘Charlis and I’ by Shashi Tharoor. ",,,1,0
18774964,A Man Called Ove,Fredrik Backman,"Backman, Fredrik",Henning Koch,"=""1476738017""","=""9781476738017""",4.0,Atria Books,Hardcover,337,2014,2012,,2022/06/06,,,read,"<br/>“It's a strange thing, becoming an orphan at sixteen. To lose your family long before you've had time to create your own to replace it. It's a very specific sort of loneliness…” #fredrikbackman<br/><br/>A sweet sweet story by Fredrik Backman, reading it was like feeling cotton candy melt in your mouth as you close your eyes and walk amongst a crowd.<br/><br/>We are introduced to a man called Ove, who comes across as an unpleasant man. As we watch his daily routine, we are also told simultaneously what made the man Ove, his life with Sonja, his principles, discipline and devotion to his work and to his life in general. <br/><br/>And as you read,  you melt. And that’s the only thing you can do. Melt slowly like a candle as you learn about the man called Ove. <br/>",,,1,0
359194,The Lucifer Effect: Understanding How Good People Turn Evil,Philip G. Zimbardo,"Zimbardo, Philip G.",,"=""1400064112""","=""9781400064113""",4.0,Random House,Hardcover,551,2007,2007,,2022/06/06,,,read," “Any deed that any human being has ever committed, however horrible is possible for any of us-under the right or wrong situational circumstances. That knowledge does not excuse evil; rather it democratises it, sharing its blame among ordinary actors rather than declaring it the province only of deviants and despots-of Them but not Us. “ #philipzimbarbo<br/><br/>In the summer of 1971,  a landmark study was conducted in which a group of college-student volunteers were randomly given the roles of “guards” and “prisoners” and then placed in a mock prison environment in Stanford University. <br/>The study had to be abandoned just after 6 days as the volunteers transformed into either brutal guards or emotionally broken prisoners. <br/><br/>The experiment was conducted to observe if and how situations or a system can cause behavioural transformation of people, it’s transiency and nature.<br/><br/>Philip Zimbarbo provides an in-depth analysis of his classic experiment and takes as case study different crimes against humanity over the years including horrific abuses in Abu Ghraib and Guantanamo prisons, genocide of Tutsi community in Rwanda, of Jews by Nazi regime to name a few.<br/><br/>While underlining the weight of situational factors on individual behaviours, Zimbarbo makes it a point to note that understanding the why of what was done, does not excuse what was done. ‘Psychological analysis is not excusology’<br/><br/>The book although written in simple English, is a discussion of research conducted, hence it is intense and requires strong attention. My general interest in social psychology led me to this work  (Let me know if you have read it! ).<br/><br/>PS: A parallel to this study conducted ten years earlier was Stanley Milgram’s Obedience to Authority  which showed how regular people can very easily be made to obey a heinous order. <br/><br/>Both these studies show the  effect and importance of the power hierarchy in systems and how very easily we can dehumanise a person or community and lead an entire nation to commit atrocities. <br/>For full details of the experiment and it’s analysis, read #obediencetoauthority by #stanleymilgram",,,1,0
20655934,One Part Woman,Perumal Murugan,"Murugan, Perumal","Aniruddhan Vasudevan, Deepa Samuel","=""0670086517""","=""9780670086511""",3.0,Penguin,Hardcover,240,2013,2010,,2022/06/06,,,read,"_One Part Woman_<br/><br/> “The wretched people around us do not see what a man has. They only see what a man doesn't have.” #perumalmurugan<br/><br/>Kali and Ponna are happily married couple. Childless for 12 years, they face intense ridicule, taunting and isolation from the rest of their village community.  <br/><br/>There is an annual festival honouring a half male-half female deity, during which consensual sex between any man and woman is celebrated. The book explores the extent to which the couple is pushed and abused by the society to conceive. <br/><br/>Set in the backdrop of colonial era in rural Tamil Nadu in Southern India, the book (originally in Tamil language) boldly explores casteism, societal pressure, infertility, rituals, traditions and the effect these have on relationships and individuals.<br/><br/>Although the translation sometimes feels discontinuous, it is still an engaging read. <br/>The energy of the village life and  sharpness of the society is captured well enough. <br/><br/>Apparently the book generated a huge controversy for its depiction of religion, caste and sex, with copies of books burnt by certain factions till Madras High Court ruled in favour of the author’s rights. ",,,1,0
38352436,The Cake Tree in the Ruins,Akiyuki Nosaka,"Nosaka, Akiyuki",Ginny Tapley Takemori,"=""1782274189""","=""9781782274186""",4.0,Pushkin Press,Paperback,160,2018,1975,,2022/06/06,,,read,"“I’m still unable to leave the burnt-out ruins” #akiyukinosaka <br/><br/><br/>A collection of short stories by Akiyuki Nosaka, translated by Ginny Tapley Takemori, set just before 15, August 1945 when Japan surrendered to the Allies marking the end of WW 2.<br/><br/>Nosaka was part of the the ‘yakeato’ generation, ‘the generation of the ashes’ who survived the fire bombing of their country during the  second world war. <br/><br/>Nosaka lost his parents to the war and his little sister died shortly afterwords due to malnutrition. The 12 powerful tales in this book are inspired from his memories of that time. <br/><br/>The stories with a touch of magical realism, fantasy and child like innocence are told from the perspective of pet parrots, wolf, whales etc. They bring to light the brutality of war and what it leaves behind for the people. <br/><br/>PS: Nosaka’s most popular work is perhaps ‘Grave of the Fireflies’  which is based on his personal experience of trying to save his little sister from malnutrition.  This collection does not include that title",,,1,0
29044,The Secret History,Donna Tartt,"Tartt, Donna",,"=""1400031702""","=""9781400031702""",4.0,Vintage Books,Paperback,559,2004,1992,,2022/06/06,,,read,"“There is nothing wrong with the love of Beauty. But Beauty - unless she is wed to something more meaningful - is always superficial.” #donnatartt<br/><br/>Donna Tart’s debut work can be succinctly summarised as a modern day Greek tragedy. <br/><br/>| Synopsis |<br/>The story is about 6 impressionable, prodigious students who learn Ancient Greek in college under the tutelage of Julian Marrow who is very selective of his students and insists on near total isolation of the group from other faculties and student groups.  <br/>The story begins with the unreliable narration by Richard, of the events that led to the murder of one among them. <br/><br/>| Observations |<br/>The professor though friendly and passionate, sets a heavy atmosphere for the students bringing out a sense of perfectionism and grey morality that percolates into all of them and instills in them a need to shed ‘normalcy’ and become free of constrained self.<br/><br/>At a single glance, you do not see the professors shadow in what the students ended up doing. In fact the whole of book has barely few interactions shown with the professor. <br/><br/>I felt the professor’s ideas captivating and I could see how it enthrals a group of vulnerable, slightly misfit group of passionate students. <br/>It is my understanding that any idea expressed in a closed room, closed group set-up can make the talks feel like a secret to life that the lesser beings do not know, one which the select few have been shown. While the setup can feel insignificant to outsiders, the impact of this is quite heavy on the listeners. The book explores this concept beautifully and subtly. <br/><br/>| Writing Style |<br/>The plot is easy to follow and language is much easier compared to ‘A Little Friend’ but still not an easy read.<br/>The writing is well done and sets a grim, grand atmosphere quite resonating to that of Ancient Greek tales of tragic grandiose. <br/><br/>PS: I felt the book explores how assimilating grand ideas and thoughts without first observing or sharing their flow or at least anchoring your sense of self before letting them take full control can lead to quite significant consequences.",,,1,0
40538681,Midnight in Chernobyl: The Untold Story of the World's Greatest Nuclear Disaster,Adam Higginbotham,"Higginbotham, Adam",,"=""1501134612""","=""9781501134616""",4.0,Simon & Schuster,Hardcover,538,2019,2019,,2022/06/06,,,read,"|A Brief Look|<br/>On 25 April 1986, a routine maintenance test was scheduled in reactor number 4 of Chernobyl. The test was intended to check a key safety system designed to protect the reactor during an electrical blackout.  <br/><br/>25 year old engineer incharge Leonid Toptunov began to power down the reactor. Soon after, a lot of things happen quickly. Reactor core reached 4,650 degrees Celsius; the surface of the sun is 5,500.  At 1:24 am, a catastrophic explosion tears apart reactor number 4. The core of the reactor was completely destroyed.  <br/><br/>KGB cut down phone lines and seals of the city so that no news of the incident reaches the outer world. No one was allowed to leave. It took two days before an order was given to move the 50,000 inhabitants out of Pripyat, the  city built next to the plant.<br/><br/>USSR  downplayed the crisis, alarmed at losing face before the international community.  On 28th April, radiation levels were detected in Sweden and Finland. It was Sweden’s search for the source of radioactivity after they concluded it wasn’t from their plant, that hinted at a major mishap in the Soviet. <br/><br/>It is considered the worst nuclear disaster in history both in cost and casualties.<br/>The technical solutions or the financial means to manage a disaster like this was beyond humankind.<br/><br/>| About the Book|<br/>The author, reveals in dense details, the events starting from the cover ups surrounding the previous RBMK accidents, the decade long suppressed warnings of  of the flawed reactor design and the way it’s operators were misled about its behaviour. <br/>Piece by piece the author reconstructs the events of the fateful night, the attempted cover up of it and the events that contributed to the disaster due to  decades of secrecy, propaganda, misinformation, bureaucracy and a blindly fearful  obedience to party.<br/>Mishandling of Chernobyl would turn out to be the crucial factor in the collapse of USSR.<br/><br/>The book is wonderfully written with engaging technical and political details. I highly recommend it, a one of a kind historical investigation.",,,1,0
1057231,Samskara: A Rite for a Dead Man,U.R. Ananthamurthy,"Ananthamurthy, U.R.",A.K. Ramanujan,"=""0195610792""","=""9780195610796""",4.0,Oxford University Press,Paperback,175,1979,1965,,2022/06/06,,,read,"_Samskara_<br/><br/>In the Agraharam, a Brahmin has died. But all the others hesitate to perform the cremation rites for he was the one who for years had defied all rules of Brahminism with his acts of eating meat, drinking alcohol and living with a lower caste woman. <br/><br/>The community approaches Praneshacharya, the learnt man of vedas and the unofficial head of this Brahmin community  to decide how to and who should cremate the body. Praneshcharya with all his learning fails to rise up to the occasion and provide a solution. The death of this man causes moral dilemma and conflict in Praneshcharya which all his learning cannot satiate. <br/><br/>First published in 1965, and translated from Kannada by AK Ramanujan,  the book encapsulates the ideologies, theology and lays bare the hypocrisy of the Brahmin society of that time.<br/><br/>A controversial book at the time, the writer questions the relevance of belief system and practices which cannot solve practical problems. <br/><br/>PS: A wonderful read. It makes me want to learn Kannada just so I can read the original version.",,,1,0
785454,Train to Pakistan,Khushwant Singh,"Singh, Khushwant",Arthur Lall,"=""0802132219""","=""9780802132215""",5.0,Grove Press,Paperback,181,1994,1956,,2022/06/06,,,read,"“Freedom is for the educated people who fought for it. We were slaves of the English, now we will be slaves of the educated Indians—or the Pakistanis.” #khushwanthsingh <br/><br/>It is 1947. The time of partition between India and Pakistan. There is daily news about conflicts, killings and corpses arriving on trains. Mano Majra, a fictional village in the border is not yet tainted by this erupting violence. <br/><br/>Here, a small community of Sikhs and Muslims live peacefully.  Soon Mano Majra is tested. Their patience, logic, reason and love  stretched by characters in authority.<br/><br/>Khushwant Singh, shows the role, impact and ease of each character in aiding and abetting communal violence.  The simplicity of inciting violence based on religion and also the simplicity of avoiding it are portrayed in this short intense read. <br/><br/>Train to Pakistan is  about common people who are made to feel helpless, it’s about government officials who know things, watch things and refuse to act or take responsibility, it’s about educated youth who think too much but fail to provide solutions.  It is an account of the 1940’s India where, though we were independent, there was deep unrest spreading throughout. <br/><br/>Khushwant Singh talks about religious extremism, humanness, empathy, and fickleness of mind in a common man and manipulations by those in power to be in power. He discusses the seemingly simple interactions that leads to communal violence keeping alive the empathy instead of treating the partition like another statistic.<br/><br/>With each page, a remorse builds up in you because though the book is set in 1940’s, the reality in the present is eerily similar. It is 2022 and we are still intolerant, confused and can be easily riled up in the name of religion. <br/><br/>PS: “Morality is a matter of money. Poor people cannot afford to have morals. So they have religion” ",,,1,0
37542581,The Spy and the Traitor: The Greatest Espionage Story of the Cold War,Ben Macintyre,"Macintyre, Ben",,"=""0771060335""","=""9780771060335""",4.0,Signal,Hardcover,384,2018,2018,,2022/06/06,,,read,"“It is perfectly possible for two people to listen to the same words and hear entirely different things” #benmacyntire <br/><br/>In 1985, a KGB colonel appeared in front of a bakery holding a plastic bag from Supermarket ‘Safeway’.  Also passing the road was a MI6 intelligence agent wearing grey trousers eating a  ‘mars’ bar and holding a Harrods bag. <br/>This was the signal to activate ‘Operation Pimlico’ to exfiltrate the KGB double agent from the Soviet territory.<br/><br/>This is a true story of Oleg Gordievsky, a KGB spy turned MI6 (British intelligence agency) informant. Disillusioned with USSR propaganda and ideologies, Oleg turned a double agent and started working for MI6 for 11 years undetected.<br/><br/>Oleg Gordeivsky’s actions and contributions are considered invaluable at the key juncture of Cold War in understanding the Kremlin way of thinking and possibly playing a major role in avoiding a nuclear war between NATO and USSR at the peak of Cold War.  His insights are considered to have changed the course of Cold War. <br/><br/>His extradition from USSR was considered one of the most stunning feat achieved considering that the KGB (Committee for State Security, USSR) at its height during the Cold War, was the world’s largest secret police and intelligence organisation. It was close to impossible to extradite a man under complete surveillance from inside the USSR boundaries. <br/><br/>The book is wonderfully written and reads like a fast paced thriller. It is a well researched account detailing the workings  of some of the most dangerous intelligence organisations in the world. It describes how propaganda, fear and paranoia are seeped into the public and details the creation and moods of an empire thus created. ",,,1,0
27071490,Homegoing,Yaa Gyasi,"Gyasi, Yaa",,"=""""","=""""",4.0,Alfred A. Knopf,Hardcover,305,2016,2016,,2022/06/06,,,read,"“What I know now, my son: Evil begets evil. It grows. It transmutes, so that sometimes you cannot see that the evil in the world began as the evil in your own home. I'm sorry you have suffered. I'm sorry for the way your suffering casts a shadow over your life, over the woman you have yet to marry, the children you have yet to have.” #yaagyasi <br/><br/><br/>HomeGoing traces the story of the descendants of two half sisters: Effia and Esi, both born in the 18th century Ghana. One was sold to slavery and the other was married to a slave trader. <br/><br/>The book follows the path of their descendants for 6 generations from that point to the present time. Each chapter alternating between the descendants of the sisters. It is amazing how such a complex work is presented with simplicity. <br/><br/>It traces in rich detail how the slave trade began, what fostered it and the unimaginable conditions in which people were sold to America. It shows how the lives of generation after generation is deeply affected from that simple difference in starting points. <br/><br/>The book touches the evolution of black identity in the United States and the effects borne by the people of Ghana due to slave trade particularly since they were a part of the trade in the beginning. <br/><br/>Yaa Gyasi writes with emotion and elegance. The amount of research that went behind for historical accuracy is noteworthy too. Read Homegoing to know and to understand what was and what is. <br/><br/>PS: “Just because someone sees or hears or feels something other folks can't, doesn't mean they're crazy. My grandma used to say, ‘A blind man don't call us crazy for seeing’..”",,,1,0
40673425,Enchantress of Florance,Salman Rushdie,"Rushdie, Salman",,"=""8184000693""","=""9788184000696""",5.0,Random House Group,Paperback,0,,2008,,2022/06/06,,,read,"“Witchcraft requires no potions, familiar spirits, or magic wands. Language upon a silvered tongue affords enchantment enough.” #salmanrushdie<br/><br/>Another masterpiece by Salman Rushdie blending magical realism to history. It tells the story of a young European who visits Akbar’s court and claims that he is the long lost relative of the Mughal emperor. <br/><br/>The author brings to life 16th century Fatehpur Sikri and Renaissance Florence in vivid landscapes, sounds, smells, symbolism and people. The story itself so rich in detail,  is hard to distinguish between facts and Rushdie’s exquisite imagination. The work explores the art of story telling that has an unusual importance in human life. We tell stories to understand us better.<br/><br/>The florentine attempts to bring to life the existence of the long lost Mughal princess. But can he convince Akbar that the princess is indeed his mother ? <br/><br/>Akbar consumed by his questions on religion, fate, power to achieve a world of religious tolerance, open culture and what it means to be a just ruler, is taken by his court as a confused man.<br/>But Akbar, turns out be a wonderful listener and patiently follows the story through to the end (much to the worry of the court who feel that the traveller may manipulate the emperor with his stories) and uses his insights to deduce the correctness of the claim. <br/><br/>It is a little hard to follow because of it’s heavy magical realism and many stories intertwining, albeit I could not help but marvel at this fable steeped in history. The book is a juxtaposition of many topics.<br/>You will either love this book or absolutely hate it. This book offers no middle ground. <br/><br/>PS: Salman Rushdie says that this book is his most researched work till date.",,,1,0
124429,"The Last Mughal: The Fall of a Dynasty: Delhi, 1857",William Dalrymple,"Dalrymple, William",,"=""1400043107""","=""9781400043101""",5.0,Alfred A. Knopf,Hardcover,534,2007,2006,,2022/06/06,,,read,"“Humne maana ki dakkan mein hai bahut qadre sukhan; Kaun jaaye Zauq par Dilli ki galiyan chhod kar ” #zauq<br/><br/>(We hear that poetry is greatly valued in Deccan these days but, Zauq, who could bear to leave behind the alleyways of Delhi).<br/>—Mohammad Ibrahim Zauq <br/>19 century  poet and tutor to Bahadur Shah Zafar <br/><br/>Dalrymple gives a powerful retelling of the course of events that led to the mutiny of 1857 and the last days of the Mughal capital from material that include previously untranslated Urdu and Persian manuscripts, records of Delhi courts, police and administration during the siege, known as the Mutiny papers. The book is the first to present the Indian perspective to the siege and not just from the British sources which to date it has usually been viewed. <br/><br/>The pluralistic, highly refined and philosophically composite culture in Delhi was rooted out permanently after the events of 1857.  <br/><br/>It was the memories of 1857 that assisted in the birth of Indian nationalism. Despite numbers and ammunition on our side, Delhi was lost to British simply because of a lack of strategy and coordination among the many factions that made up the mutineers. <br/><br/>But 90 years later, it was not any Mughal descended  or any princely or feudal rulers that would lead us to our independence. <br/>Instead the renewed walk to freedom was led by a class of people who were by and large  English language and western educated and would use structures, techniques  and strategies that are an amalgam of Indian and western philosophy to gain our freedom. <br/><br/><br/>“Umar bhar Ghalib ye hi bhool karta raha,<br/>Dhool chehre par thi aur aaina saaf karta raha! “  #ghalib <br/><br/>(ln your life, O Ghalib, you repeated the same mistake:<br/>your face was dirty but you kept obsessively cleaning the mirror!)<br/>—Mirza Ghalib, 19th century court poet of Bahadur Shah Zafar ",,,1,0
33621427,Home Fire,Kamila Shamsie,"Shamsie, Kamila",,"=""0735217688""","=""9780735217683""",3.0,Riverhead Books,Hardcover,276,2017,2017,,2022/06/06,,,read,"“For girls, becoming women was inevitability; for boys, becoming men was ambition “ #khamilashamsie<br/><br/>Home fire introduces us to the life of Muslim immigrant families settled in UK. We meet Isma who raises her twin siblings: Aneeka and Parvaiz after the death of their mother and grandmother. Living under the dark legacy of a dead father who had joined ISIS, and thereby declared a terrorist, Isma struggles to live and raise her family in the aftermath of her father’s choices .<br/><br/>Home fire, is a dark story about how strength, a clear head and resistance to manipulation during your vulnerability is a rare trait, one which you do not inherit, one which you cannot teach, you can only hope that your life choices itself would be a message that your loved ones would imbibe. <br/><br/>Just like in Donna Tartt’s ‘The Secret History’,  Khamila Shamsi gives a disturbing visualisation of how closed room ‘secret’ conversations manipulate vulnerable people. And  ultimately how this manipulation distorts reality and shakes your priorities. When the bubble breaks, your choices would have already made irreversible changes. <br/><br/>Khamila Shamsi, writes sharply and gently about identities as an immigrant, terrorism, radicalisation, manipulation and the love, grief, strength that goes in maintaining your family. <br/><br/>Even though towards the end, I felt it became a little too dramatic, the parts of Isma and Parvaiz were especially spectacular. ",,,1,0
23346410,A General Theory of Oblivion,José Eduardo Agualusa,"Agualusa, José Eduardo",Daniel Hahn,"=""1846558476""","=""9781846558474""",4.0,Harvill Secker,Hardcover,245,2015,2012,,2022/06/06,,,read," “I realise I have transformed the entire apartment into a huge book. After burning the library, after I have died, all that remains will be my voice. In this house all the walls have my mouth” #joseeduardoagualusa  <br/><br/>Based on true events, Agalusa tells the story of a Portuguese woman who bricks herself inside her apartment on the night of Angolan independence from the Portuguese.  She lives the next 30 years luring pigeons to eat, burning furnitures and books to keep alive, growing vegetables in her terrace and writing her story on the walls with charcoal. <br/><br/>We are shown post-independence Angola unfolding through the eyes of this woman as she catches snippets of conversations from her oblivious neighbours , random news from her radio and from watching people discreetly through her window. <br/><br/>Originally written in Portuguese, it’s translation to English by #danielhahn reads beautifully with a poetic quality to the diary entries of protagonist. <br/><br/>The story meditates on the ways and time it took for the agoraphobic protagonist to slowly, very slowly unbox her fears and step out, iterating that sometimes only forgetting helps you forgive and take the next step. ",,,1,0
34497,"The Color of Magic (Discworld, #1; Rincewind, #1)",Terry Pratchett,"Pratchett, Terry",,"=""0060855924""","=""9780060855925""",4.0,Harper,Paperback,228,2005,1983,,2022/06/02,,,read,"‘But what do you want to sacrifice us for?’ asked Twoflower.  ‘You hardly know us!’<br/>‘That’s rather the point isn’t it?  It’s not very good manners to sacrifice a friend.’ <br/><br/>Pratchett’s fantastic alternate geography where the world is a flat disc carried on the backs of four big elephants on a giant turtle swimming through space. <br/><br/>We have a Big Bang theory, steady state theory and ‘astronauts’ planning their first manned mission to determine the sex of the turtle 🐢. <br/><br/>Although not Pratchett’s finest work, it introduces us to his style of writing, satire and wonderful imagination. <br/><br/>A nice hot chocolate and Terry Pratchett is a perfect way to spend a Saturday. <br/><br/>Terry Pratchet is to fantasy, what Adam Douglas is to science fiction <br/><br/>PS: The colour of magic is Octarine ",,,1,0
326531,Legends of Khasak,O.V. VIJAYAN,"VIJAYAN, O.V.",,"=""014015647X""","=""9780140156478""",4.0,Penguin Books India,Paperback,208,1994,1969,,2022/06/06,,,read,"“The gods are often more unwise than men” #OV Vijayan <br/><br/>The legends of Khasak, a much acclaimed debut work by writer OV Vijayan in 1969 is originally a Malayalam language literature titled ‘Khasakinta Itihasam’ translated to English by the author himself. <br/><br/>Protagonist Ravi, comes as a primary school teacher in a beautiful fictional hamlet in Palghat, Kerala named Khasak. <br/><br/>Khasak is a multi religious community with essence of communism just beginning to permeate in the 1960’s. The writer introduces Khasak through vignettes of beautiful characters. Appu-kili the dragon-fly catcher, Mymoona the village beauty,  the fabled goddess of the tamarind tree, Allapichcha the madrassa teacher, Khazi the mystic and Kuttadan the village priest/oracle colour the eccentric and beautiful hamlet of Khasak.<br/><br/>People of Khasak live together with their own shared traditions, history, beliefs and magic irrespective of their personal religion. Not because they are inherently peace loving  but simply because it doesn’t make sense not to.  <br/>Ravi and the school are the only modern aspects of this beautiful hamlet. But the community is open to Ravi as they have been to others. The legends, fables and green of Khasak was open to any one and for however long you wanted. <br/><br/>Kerala has always been beautiful and OV Vijayan’s dense imagery only makes me homesick. The monsoon, summer, swaying palm fronts and dense greens of this place spread outside the confines of book and accumulates in the lining of your skin. <br/><br/>The original Malayalam book treats you to the dialects of the characters, a mix of Tamil and Malayalam spoken by the Muslims and Hindus of Palghat which is lost in translation. OV Vijayan points out that the English version is more of a stand alone work rather than direct translation and should be treated as such. ",,,1,0
775346,The Little Friend,Donna Tartt,"Tartt, Donna",,"=""1400031699""","=""9781400031696""",4.0,Vintage,Audible Audio,624,2003,2002,,2022/06/02,,,read,"“It’s awful being a child,” she said, simply, “at the mercy of other people” #donnatartt <br/><br/>One Mother’s Day, 9 year old Robin is found hanging from a tree. The little friend is a story from the perspective of 12 year old Harriet, Robin’s younger sister, who struggles to grapple with the weight that cripples her family since that fateful day 12 years ago. <br/><br/>It is not a fast paced murder mystery novel (even though the synopsis behind the book feels so). It’s a slow read and you cannot race through the pages.  An impatient mindset would not work with this book. <br/><br/>The death of Robin is simply the background that sets the undertone for the character of Harriet. The story points to the consequences that arise when children find themselves emotionally abandoned in the world of adults.<br/><br/>Even though  its not an easy read and it’s pages of background and character description with little to no dialogues can test your patience, I found it a compelling read. ",,,1,0
53438824,Whereabouts,Jhumpa Lahiri,"Lahiri, Jhumpa",,"=""0593318315""","=""9780593318317""",4.0,Alfred A. Knopf,Hardcover,157,2021,2018,,2022/06/02,,,read,"‘ … I’m amazed at our impulse to express ourselves, explain ourselves, tell stories to one another. ‘ #jhumpalahiri <br/><br/>There is an unnamed woman. There is an unnamed city. ‘Whereabouts’ walks you through this woman’s vignettes: her contemplations, her solitude, her little satisfactions, her familiar spaces, her vague joys and sorrows and her little projections on other nameless characters. <br/><br/>It’s a simple, beautiful writing with no nouns. Each small chapter feels like a letter sent to you as she visits places in her neighbourhood, meets other nameless characters , a letter about intimately insignificant episodes from her life. <br/><br/>At the end of the book. It feels like you read a collection of postcards from a person you have known, over the years. You don’t need their name or address or details. You have known them all your life. <br/><br/>Just as ‘Unaccustomed Earth’, it is not sad or depressing but a beautiful melancholy pervades Lahiri’s words. <br/><br/>PS: ‘Solitude demands a precise assessment of time, I’ve always understood this. It’s like the money in your wallet: you have to know how much time you need to kill, how much to spend before dinner, what’s left over before going to bed.’ #jhumpalahiri <br/>",,,1,0
41057294,Normal People,Sally Rooney,"Rooney, Sally",,"=""1984822179""","=""9781984822178""",3.0,Crown,Hardcover,273,2019,2018,,2022/06/02,,,read,"“No one can be independent of other people completely, so why not give up the attempt, she thought, go running in the other direction, depend on people for everything, allow them to depend on you, why not.” #sallyrooney<br/><br/>Set in Ireland, ‘normal people’ is a story of Marianne and Connel and their on-again, off-again relationship which is on and off due to complicated miscommunications.<br/><br/>I understand that the book is popular but I found it very hollow. Marianne and Connels relationship felt too dramatic for my taste. The characters have an arc but no layers.<br/><br/>Marianne and Connel’s relationship to other friends is something I found enjoyable. The subtleties of life in school and college: the boundary between jokes and bullying, demands of friendship and cravings for social acceptance is well captured in the book.<br/><br/>The story might be assimilated better if you look at it as if you are witnessing two people’s choice of relationships. You probably don’t know them or don’t care, but you are  a witness  and hence watch without thinking. <br/><br/>The authors style is simple and effortlessly fluid which makes it an easy read. <br/>I think you either love this book or you don’t. Unfortunately it did not resonate with me. <br/>",,,1,0
85301,Unaccustomed Earth,Jhumpa Lahiri,"Lahiri, Jhumpa",,"=""0676979343""","=""9780676979343""",4.0,Knopf,Hardcover,352,2008,2008,,2022/06/02,,,read,"…she made tea. It was a ritual she liked, a formal recognition of the day turning into evening inspite of the sun not setting.” #jhumpalahiri <br/><br/>The book is a collection of short stories which lays bare the inner lives of Indian immigrants in USA. It deals with the theme of cultural separation and identity, the first generation of immigrants face while the second generation grow and assimilate to the new country, indifferent to their parent’s struggle to fit in.  The characters forge a new life in the wake of their diminishing memories that clash with the new customs and the growing need to feel home.<br/><br/>Things we have heard  but never knew what it felt like, has been given a form.  Once you see, you cannot unsee it. You read and understand as if you knew all along. <br/><br/>There is a pervasive melancholy that hangs around the words and yet it’s not a sad book.  If your abstract thoughts are an ocean, then Lahiri scooped them right out  into a bottle and gave it a form, a shape and a colour. <br/><br/>PS: My favourite from the collection is ‘Unaccustomed Earth’ and ‘Hell-Heaven’.",,,1,0
13214,"I Know Why the Caged Bird Sings (Maya Angelou's Autobiography, #1)",Maya Angelou,"Angelou, Maya",,"=""0553279378""","=""9780553279375""",4.0,Bantam Books,Paperback,289,1993,1969,,2022/06/02,,,read,"“ She said that I must always be intolerant of ignorance but understanding of illiteracy. That some people, unable to go to school, were more educated and even more intelligent than college professors. She encouraged me to listen carefully to what country people called mother wit. That in those homely sayings was couched the collective wisdom of generations” #mayaangelou <br/><br/>I Know Why the Caged Bird Sings is a memoir by Maya Angelou where she captures the loneliness of her childhood, the brutality of racial segregation and of all the things that happened to her from the point of view of a young Maya. <br/><br/>But there is much to smile over too, often in the form of her wry humour, her precocious brother, her strong and deeply religious grandmother (Momma), her beautiful ‘Mother dear’ and from all the books she read as a child. <br/><br/>The book has so many defining moments that slowly shapes Maya and the reader. It is hard to separate yourself from the book and you painfully and joyously live through the childhood with Maya. <br/><br/>The book is authentic and essential and will stay with you.<br/>",,,1,0
18283207,Strange Weather in Tokyo,Hiromi Kawakami,"Kawakami, Hiromi",Allison Markin Powell,"=""1846275083""","=""9781846275081""",3.0,Portobello Books,Paperback,176,2013,2001,,2022/06/02,,,read,"Also titled as ‘The Briefcase’, it’s a  story of a relationship between a lonely middle aged woman and her equally lonely high school teacher starting from their chance meeting at a bar. <br/><br/>The book attempts to emotionally elaborate everyday social interactions but doesn’t quite reach the expectation and settles for a mediocre character development.<br/>The unconvincing characters are compensated by description of food  and season to mark the changing flavours of  their relationship and sets the tone for a warm, matured, simple and cozy loneliness which the characters try to fill.<br/><br/>The not so layered characters made it hard for me to enjoy the story arc but feel free to give it a try if the synopsis intrigues you! ",,,1,0
41022133,Colorless Tsukuru Tazaki and His Years of Pilgrimage,Haruki Murakami,"Murakami, Haruki",,"=""0385352115""","=""9780385352116""",3.0,Vintage Books,Paperback,308,2014,2013,,2022/06/02,,,read,"There is no silence without a cry of grief, no forgiveness without bloodshed, no acceptance without a passage through acute loss. That is what lies at the root of true harmony.’ #harukimurakami <br/><br/>Tsukuru Tazaki had 4 friends in high school whose last names had colors in them. Tazaki was the only last name with no color. <br/><br/>One fine day, his friends cut him off the group. The story is Tazaki’s life from that moment to his adulthood. He falls into deep depression and reality is blurred.<br/><br/> I can sense Murakami’s style here. The reader is presented with many instances and characters, most of which slowly fade as you progress. <br/>Do they contribute to the main plot? Probably not, or probably yes. Was he simply hallucinating?  Which aspects are real? <br/><br/>I feel that Murakami’s books have unreliable protagonists whose identities and psychology develop as you move along the plot line. What you believe happened is basically how much you rely on the protagonist’s point of view. <br/><br/>That can make this book hard to put down, at the same time very frustrating to read because you sometimes fail to see the relevance of certain parallel story lines.<br/><br/> The plot may not resonate with you, even the characters may not be to your liking, but despite all of this, you somehow experience the character’s solitude and loneliness.<br/><br/>PS: ‘Every person has their own color ‘",,,1,0
17799,"South of the Border, West of the Sun",Haruki Murakami,"Murakami, Haruki",Philip Gabriel,"=""0099448572""","=""9780099448570""",3.0,Vintage,Paperback,190,2006,1992,,2022/06/02,,,read,"“What we needed were not words and promises but the steady accumulation of small realities.” #harukimurakami <br/><br/>Simple, minimalist story of a man who uses his past to justify his choices in the present. <br/>Sabotaging the now by quoting your past and the if’s and probably’s of your life,  only hurts the people who share your present. <br/><br/>This is my first murakami book and it feels like a good start. Lyrical quality to writing and complex character development make it a good read. <br/><br/>The protagonist is not my favourite character but I think the book is a good study of how the fragility of human beings lead them to spend an entire lifetime mulling over their choices and how that very act becomes the catalyst that accelerates the destruction of themselves and those around them. <br/>It takes effort and pure strength to understand that you are the accumulation of your choices and that we need to constantly adapt to live with ourselves. <br/>",,,1,0
24997390,A Strangeness in My Mind,Orhan Pamuk,"Pamuk, Orhan",Ekin Oklap,"=""0571275974""","=""9780571275977""",4.0,Faber & Faber,Hardcover,624,2015,2014,,2022/06/02,,,read,"“Now he knew what it was that he wanted to tell Istanbul and write on its walls. It was both his public and private view. <br/>It was what his heart intended as much as what his words always meant to say.<br/><br/>He said it to himself: ‘I have loved Rayiha more than anything in this world’ “<br/><br/>It is a simple story that explores  the city of Istanbul from the point of view of Mevlut, his friends and family, just as much as it explores the lives of the characters. <br/><br/>Mevlut struggles to place his actions and thoughts together. All his life, he wonders if he has done what his heart says or simply like the teeming millions around him, spoke of one and did something else. He consciously tries at every point to align his thoughts and actions. <br/><br/>The book has beautifully captured the complex emotions of the mundane struggles of life. ",,,1,0
10245602,Poor Economics: A Radical Rethinking of the Way to Fight Global Poverty,Abhijit V. Banerjee,"Banerjee, Abhijit V.",Esther Duflo,"=""1586487981""","=""9781586487980""",5.0,PublicAffairs,Hardcover,320,2011,2011,,2022/06/02,,,read,"Why would a man  who doesn’t have enough to eat buy a television?<br/>Why is it so hard for children in poor areas to learn even when they attend school?<br/>Why do the poorest people have more children even when they cannot afford it?<br/>Does having lots of children actually make you poorer? <br/>Where are the insurance companies for the poor? <br/><br/>Poor Economics iterates that the lives and choices of the poor tell us about how to fight global poverty.<br/>Through rigorous research and randomised control trials they speak about where existing policies fail, how the poor manage their expenses, how they prioritise and based on these understanding, how to increase the impact and improve the lives of the poor. <br/><br/>Good politics may or may not be necessary for good policies; it is certainly not sufficient, says the duo.<br/>So as we are constantly asked to believe, politics doesn’t always trump policies. Good policies can be a first step to good politics ",,,1,0
53466059,Azadi: Freedom. Fascism. Fiction.,Arundhati Roy,"Roy, Arundhati",,"=""1642592609""","=""9781642592603""",3.0,Haymarket Books,Hardcover,240,2020,2020,,2022/06/02,,,read,"James Baldwin once said, “I love America more than any other country in this world, and, exactly for this reason, I insist on the right to criticize her perpetually.”<br/><br/>Arundhati Roy does exactly the same. She is fierce, unafraid and polarising as any person who fearlessly critiques and documents the powerful.<br/>Roy’s India is not pretty. She bares India’s crumbling infrastructure, colonisation of institutions and a dangerously vast network of misinformation that slowly poisons India’s present and past.<br/><br/>Azadi is a collection of essays and speeches  covering the contemporary political turbulence in India and demonstrates how India is witnessing the rise  of fascism in her soil.<br/><br/>She dares to bear witness, question, talk and document the ground realities of the country in her unique language and calls for freedom with responsibility and writes what probably no one else will and if no one did, then history of contemporary India will be devoid of perhaps many important events.",,,1,0
39999,The Boy in the Striped Pajamas,John Boyne,"Boyne, John",,"=""0385751079""","=""9780385751070""",4.0,David Fickling Books,Hardcover,224,2006,2006,,2022/06/02,,,read,"“What exactly was the difference? He wondered to himself. And who decided which people wore the striped pajamas and which people wore the uniforms?”<br/><br/> Set during the Holocaust of Second World War, ‘The boy in the striped pyjamas’ unfolds a sweet friendship between Bruno and Shmuel, separated by a fence. For a short period, the pair’s innocence hides the brutality that segregates them, offering a unique perspective of a 9 year old to the most hideous conscience of mankind.",,,1,0
6149,Beloved,Toni Morrison,"Morrison, Toni",,"=""""","=""""",5.0,Vintage,Paperback,325,2004,1987,,2022/06/02,,,read,"A devastatingly tragic history written both in subtle poetry and dense metaphors, Toni Morrison’s language will stay with you even after the book. ",,,1,0
11337,The Bluest Eye,Toni Morrison,"Morrison, Toni",,"=""""","=""""",4.0,Plume,Paperback,216,2005,1970,,2022/06/02,,,read,"“And fantasy it was, for we were not strong, only aggressive; we were not free, merely licensed; we were not compassionate, we were polite; not good, but well behaved. We courted death in order to call ourselves brave, and hid like thieves from life. We substituted good grammar for intellect; we switched habits to simulate maturity; we rearranged lies and called it truth”<br/><br/>Morrison’s debut work poetically talks about self-worth; poverty; finding drops of joy in a wave of sorrow and perceptions of beauty  told through a fragile eleven year old Pecola. <br/><br/>Pecola prayed everyday without fail for blue eyes because she ardently believes that would make her beautiful. She doesn’t desire a fairer skin or lighter hair, instead she believes her eyes which captures all her pain and sees the way people look at her, only  if they were more beautiful, perhaps the world would react more kindly to her.<br/><br/>What happens to Pecola can only be understood as a past that  ruthlessly interconnects and accumulates across generations to form the present. To have written such a thing as your first novel is unbelievable. <br/>",,,1,0
4772110,Nocturnes: Five Stories of Music and Nightfall,Kazuo Ishiguro,"Ishiguro, Kazuo",,"=""0307397874""","=""9780307397874""",4.0,Knopf Canada,Hardcover,221,2009,2009,,2022/06/02,,,read,"Ishiguro’s pet theme of inevitable stillness of life and sense of missed opportunities is reflected in this collection as well. <br/> <br/>The author subtly explores a deeper understanding of what it means to be a genius, it’s limitations and about relationships that exist for convenience rather than love.<br/><br/>At the end a disturbing question permeates the stories  “Is it worth every sacrifice to try and reach for a passion in life?”",,,1,0
28923,When We Were Orphans,Kazuo Ishiguro,"Ishiguro, Kazuo",,"=""0571225403""","=""9780571225408""",4.0,Faber & Faber,Paperback,320,2005,2000,,2022/06/02,,,read,"Christopher Banks, is 1930 England’s best known detective. Brought up in Shanghai, he was forced to return to England after the disappearance of his parents one after  the other when he was 10.  <br/><br/>Typical of Ishiguro’s style, Christopher is an unreliable narrative. As you read you notice the difference in how he sees and remembers his life and how his friends and colleagues recall him. <br/><br/>While on the surface it reads like a detective story where the protagonist is trying to find his parents, the book is more than that. We are inside the head of Christopher banks. What we read is not what actually is. We see him living and believing that the incident did not affect him. We watch as he convinces himself (and us) that his choices have to do with more grander reasons than the unresolved case of his missing parents. <br/><br/>At the end, much much later, perhaps when you feel it’s too late, Christopher accepts what is and moves on.  This is where Ishiguro shines. When the protagonist finally accepts, it doesn’t mean happiness. But a sort of melancholy contentment and peace. <br/><br/>Just as his previous works, #theremainsoftheday, #neverletmego, his writings begin with a sense of calm restraint and ends with an unsettling sadness, driving home the message that regrets and loss are inevitable in life and perhaps what is required of us is to accept the humanness of it and live on.",,,1,0
28921,The Remains of the Day,Kazuo Ishiguro,"Ishiguro, Kazuo",,"=""""","=""""",4.0,Faber & Faber,Paperback,258,2005,1989,,2022/06/02,,,read,"<br/>“What is pertinent is the calmness of beauty, its sense of restraint. It is as though the land knows of its own beauty, its own greatness, and feels no need to shout it.” #Kazuo Ishiguro <br/><br/>It is this sense of restraint that characterises ‘Remains of the Day’.  A seemingly calm story-telling that culminates in an unsettling sense of sadness. <br/>Pages and pages subtly peal layers of mastered discipline and dignity of life, unveiling a pervasive sense of melancholy. <br/>",,,1,0
6334,Never Let Me Go,Kazuo Ishiguro,"Ishiguro, Kazuo",,"=""1400078776""","=""9781400078776""",4.0,Vintage Books ,Paperback,288,2010,2005,,2022/06/02,,,read,"“It was like when you make a move in chess and just as you take your finger off the piece, you see the mistake you've made, and there's this panic because you don't know yet the scale of disaster you've left yourself open to”- Kazuo Ishiguro <br/><br/>A subtle tale of identity, friendship and power of memories.<br/>It's inevitable that in  life people will fail one another, grow old with regrets and fall to pieces. In such an erosion of hope, it asks readers to consider what it really means to be human. ",,,1,0
3263607,"The Fellowship of the Ring (The Lord of the Rings, #1)",J.R.R. Tolkien,"Tolkien, J.R.R.",,"=""""","=""""",4.0,Ballantine Books,Mass Market Paperback,527,1973,1954,,2022/06/02,,,read,"“In a hole in the ground, there lived a hobbit…..” <br/>What a wonderful world Tolkien has weaved in words.  Just like Harry Potter, the trilogy preserves my childhood in its words. Like a friendly greeting from back in time: every word is a portal to my 12 year old self’s thoughts.<br/><br/>I was 12 when I first came across ‘Lord of the Rings’ trilogy. Back then, I relied on public libraries, school and some very generous friends to get my hands on books. This also meant that I had limited time to read.<br/><br/>I started with part 2, ‘Two Towers’ (because I could only get my hands on this one and didn’t want to wait longer to start sequentially). <br/>I found it a tough read (partly because I started with book 2 and partly because I was too young to keep pace with Mr. Frodo). It took me over a month to complete it. <br/><br/>Just as much as I enjoyed it, I knew I missed something and that I will have to come back and read again to feel complete. <br/><br/>Now 12 years later, I have started again on my journey with the ring bearer. This time I follow the order. I started with ‘The Hobbit’ and now completed ‘The Fellowship Of The Ring’. ",,,1,0
5907,"The Hobbit, or There and Back Again",J.R.R. Tolkien,"Tolkien, J.R.R.","Douglas A. Anderson, Michael Hague, Jemima Catlin","=""""","=""""",4.0,Houghton Mifflin,Paperback,366,2002,1937,,2022/06/02,,,read,,,,1,0
100915,"The Lion, the Witch and the Wardrobe (Chronicles of Narnia, #1)",C.S. Lewis,"Lewis, C.S.","Tormod Haugen, Per Svein Paulsen","=""""","=""""",4.0,HarperCollins Publishers,Paperback,206,2005,1950,,2022/06/02,,,read,,,,1,0
19543,Where the Wild Things Are,Maurice Sendak,"Sendak, Maurice",,"=""0099408392""","=""9780099408390""",5.0,Red Fox,Paperback,38,2000,1963,,2022/06/02,,,read,,,,1,0
24178,Charlotte’s Web,E.B. White,"White, E.B.","Garth Williams, Rosemary Wells","=""0064410935""","=""9780064410939""",4.0,HarperCollinsPublishers,Paperback,184,2001,1952,,2022/06/02,,,read,,,,1,0
11870085,The Fault in Our Stars,John  Green,"Green, John",,"=""""","=""""",3.0,Dutton Books,Hardcover,313,2012,2012,,2021/08/11,,,read,,,,1,0
19288043,Gone Girl,Gillian Flynn,"Flynn, Gillian",,"=""0307588378""","=""9780307588371""",4.0,Ballantine Books,Paperback,415,2014,2012,,2021/08/11,,,read,,,,1,0
19063,The Book Thief,Markus Zusak,"Zusak, Markus",,"=""""","=""""",4.0,Alfred A. Knopf,Kindle Edition,592,2006,2005,,2021/08/11,,,read,,,,1,0
2429135,"The Girl With the Dragon Tattoo (Millennium, #1)",Stieg Larsson,"Larsson, Stieg",Reg Keeland,"=""0670069019""","=""9780670069019""",4.0,Viking Canada,Hardcover,480,2008,2005,,2021/08/11,,,read,,,,1,0
77203,The Kite Runner,Khaled Hosseini,"Hosseini, Khaled",,"=""159463193X""","=""9781594631931""",5.0,Riverhead Books,Paperback,371,2004,2003,,2021/08/11,,,read,,,,1,0
6319,The BFG,Roald Dahl,"Dahl, Roald",Quentin Blake,"=""0141311371""","=""9780141311371""",4.0,Puffin Books,Paperback,199,2001,1982,,2021/08/11,,,read,,,,1,0
2998,The Secret Garden,Frances Hodgson Burnett,"Burnett, Frances Hodgson",,"=""0517189607""","=""9780517189603""",5.0,Children's Classics,Hardcover,331,1998,1911,,2021/08/11,,,read,,,,1,0
6310,"Charlie and the Chocolate Factory (Charlie Bucket, #1)",Roald Dahl,"Dahl, Roald",Quentin Blake,"=""0142403881""","=""9780142403884""",5.0,Puffin Books,Paperback,176,2005,1964,,2021/08/11,,,read,,,,1,0
157993,The Little Prince,Antoine de Saint-Exupéry,"Saint-Exupéry, Antoine de",Richard Howard,"=""0152023984""","=""9780152023980""",5.0,"Harcourt, Inc.",Hardcover,96,2000,1943,,2021/08/11,,,read,,,,1,0
39988,Matilda,Roald Dahl,"Dahl, Roald",Quentin Blake,"=""043512398X""","=""9780435123987""",5.0,New Windmills,Hardcover,240,1992,1988,,2021/08/11,,,read,,,,1,0
3,"Harry Potter and the Sorcerer's Stone (Harry Potter, #1)",J.K. Rowling,"Rowling, J.K.",,"=""0439554934""","=""9780439554930""",5.0,Scholastic Inc,Hardcover,309,2003,1997,,2021/08/11,,,read,,,,1,0
